Workbook

Sheet Detection Catalog
A1: AWS SOC Detection Catalog
A3: Author: Yuval Sinay | Version 1.0 | 03.08.2026 | Operational content - tune thresholds and field mappings before production use
A5: Detection ID | B5: AWS Domain | C5: Use Case | D5: ATT&CK Tactic | E5: ATT&CK Technique | F5: Primary Telemetry | G5: Event / Method | H5: Detection Logic | I5: Severity | J5: Expected Fidelity | K5: Window | L5: Response | M5: Validation Test | N5: Status | O5: Enabled | P5: Owner | Q5: Source URL
A6: AWS-DET-001 | B6: IAM | C6: AdministratorAccess policy attached to a principal | D6: Persistence / Privilege Escalation | E6: T1098 | F6: CloudTrail | G6: AttachUserPolicy / AttachRolePolicy / PutUserPolicy / PutRolePolicy | H6: Detect grants of AdministratorAccess or equivalent wildcard permissions outside approved automation. | I6: Critical | J6: High | K6: 5m | L6: Detach policy, disable credentials, review all actions by actor. | M6: Controlled attachment to a test role. | N6: Ready | O6: Yes | P6: SOC Detection Engineering | Q6: https://docs.aws.amazon.com/awscloudtrail/latest/userguide/cloudtrail-events.html
A7: AWS-DET-002 | B7: IAM | C7: New access key for privileged user | D7: Persistence | E7: T1098.001 | F7: CloudTrail | G7: CreateAccessKey | H7: Alert when access keys are created for root, administrators, or break-glass users. | I7: Critical | J7: High | K7: 5m | L7: Deactivate/delete key and investigate creator. | M7: Create and immediately delete a test key. | N7: Ready | O7: Yes | P7: SOC Detection Engineering | Q7: https://docs.aws.amazon.com/awscloudtrail/latest/userguide/cloudtrail-events.html
A8: AWS-DET-003 | B8: IAM | C8: Console login without MFA | D8: Valid Accounts | E8: T1078.004 | F8: CloudTrail | G8: ConsoleLogin | H8: Detect successful console login where MFAUsed is No for privileged or human users. | I8: Critical | J8: High | K8: 5m | L8: Terminate session, enforce MFA, review activity. | M8: Use controlled test identity. | N8: Ready | O8: Yes | P8: SOC Detection Engineering | Q8: https://docs.aws.amazon.com/awscloudtrail/latest/userguide/cloudtrail-events.html
A9: AWS-DET-004 | B9: IAM | C9: Root account used | D9: Valid Accounts | E9: T1078.004 | F9: CloudTrail | G9: userIdentity.type=Root | H9: Any root account activity except approved account recovery or billing events. | I9: Critical | J9: High | K9: Near real time | L9: Review event, rotate root credentials, validate MFA and account contacts. | M9: Use non-destructive approved root test. | N9: Ready | O9: Yes | P9: SOC Detection Engineering | Q9: https://docs.aws.amazon.com/awscloudtrail/latest/userguide/cloudtrail-events.html
A10: AWS-DET-005 | B10: IAM | C10: IAM policy version set as default | D10: Privilege Escalation | E10: T1098 | F10: CloudTrail | G10: CreatePolicyVersion / SetDefaultPolicyVersion | H10: Detect policy changes that introduce wildcard actions/resources or sensitive permissions. | I10: Critical | J10: High | K10: 10m | L10: Revert policy version and review affected principals. | M10: Create benign policy version in test account. | N10: Ready | O10: Yes | P10: SOC Detection Engineering | Q10: https://docs.aws.amazon.com/awscloudtrail/latest/userguide/cloudtrail-events.html
A11: AWS-DET-006 | B11: IAM | C11: AssumeRole from unusual account or geography | D11: Valid Accounts | E11: T1078.004 | F11: CloudTrail | G11: AssumeRole | H11: Detect new source account, ASN, country, or user agent for sensitive roles. | I11: High | J11: Medium | K11: 15m | L11: Revoke session, update trust policy, investigate source. | M11: Use approved cross-account test role. | N11: Needs tuning | O11: Yes | P11: SOC Detection Engineering | Q11: https://docs.aws.amazon.com/awscloudtrail/latest/userguide/cloudtrail-events.html
A12: AWS-DET-007 | B12: IAM | C12: Role chaining across multiple accounts | D12: Lateral Movement | E12: T1021.007 | F12: CloudTrail | G12: AssumeRole sequence | H12: Correlate multiple AssumeRole events across accounts by same session within 30 minutes. | I12: High | J12: Medium | K12: 30m | L12: Terminate sessions and review trust relationships. | M12: Controlled multi-account test. | N12: Needs tuning | O12: Yes | P12: SOC Detection Engineering | Q12: https://docs.aws.amazon.com/awscloudtrail/latest/userguide/cloudtrail-events.html
A13: AWS-DET-008 | B13: IAM | C13: New SAML or OIDC identity provider | D13: Persistence | E13: T1098 | F13: CloudTrail | G13: CreateSAMLProvider / CreateOpenIDConnectProvider | H13: Detect creation or update of external identity providers outside approved federation workflow. | I13: Critical | J13: High | K13: 10m | L13: Delete unauthorized provider and inspect role trusts. | M13: Create disposable test provider metadata. | N13: Ready | O13: Yes | P13: SOC Detection Engineering | Q13: https://docs.aws.amazon.com/awscloudtrail/latest/userguide/cloudtrail-events.html
A14: AWS-DET-009 | B14: IAM | C14: Role trust policy broadened | D14: Persistence / Privilege Escalation | E14: T1098 | F14: CloudTrail | G14: UpdateAssumeRolePolicy | H14: Detect wildcard principals, external accounts, or removal of ExternalId/MFA conditions. | I14: Critical | J14: High | K14: 10m | L14: Restore trust policy and review role sessions. | M14: Modify a test role trust policy. | N14: Ready | O14: Yes | P14: SOC Detection Engineering | Q14: https://docs.aws.amazon.com/awscloudtrail/latest/userguide/cloudtrail-events.html
A15: AWS-DET-010 | B15: Organizations | C15: Service Control Policy weakened or detached | D15: Defense Evasion | E15: T1562 | F15: CloudTrail | G15: UpdatePolicy / DetachPolicy / DeletePolicy | H15: Detect changes to SCPs protecting logging, regions, root use, IAM, or security services. | I15: Critical | J15: High | K15: 5m | L15: Restore SCP and investigate actor. | M15: Controlled update in test organization unit. | N15: Ready | O15: Yes | P15: SOC Detection Engineering | Q15: https://docs.aws.amazon.com/awscloudtrail/latest/userguide/cloudtrail-events.html
A16: AWS-DET-011 | B16: CloudTrail | C16: Trail stopped | D16: Defense Evasion | E16: T1562.008 | F16: CloudTrail | G16: StopLogging | H16: Any StopLogging on organization or account trail. | I16: Critical | J16: High | K16: 5m | L16: Restart logging and investigate activity during gap. | M16: Stop a disposable test trail. | N16: Ready | O16: Yes | P16: SOC Detection Engineering | Q16: https://docs.aws.amazon.com/awscloudtrail/latest/userguide/cloudtrail-user-guide.html
... A65: AWS-DET-060 | B65: CloudBuild | C65: CodePipeline or CodeBuild role/repository changed | D65: Supply Chain | E65: T1195 | F65: CloudTrail | G65: UpdatePipeline / UpdateProject / UpdateWebhook | H65: Detect source, branch, artifact bucket, environment, or service-role changes outside approved workflow. | I65: Critical | J65: High | K65: 10m | L65: Disable pipeline, validate artifacts, rotate credentials. | M65: Modify disposable pipeline. | N65: Ready | O65: Yes | P65: SOC Detection Engineering | Q65: https://docs.aws.amazon.com/awscloudtrail/latest/userguide/cloudtrail-events.html

Sheet Threat Hunting
A1: AWS Threat Hunting Library
A4: Hunt ID | B4: Domain | C4: Hypothesis | D4: Data Sources | E4: Analytic Approach | F4: Incident Type | G4: ATT&CK | H4: Cadence | I4: Priority | J4: Status | K4: Investigation Outcome
A5: AWS-HUNT-001 | B5: IAM | C5: Has a privileged identity begun operating from a new ASN, country, or user agent? | D5: CloudTrail | E5: Baseline ConsoleLogin, AssumeRole, and admin APIs by principal. | F5: Credential compromise | G5: T1078.004 | H5: Daily | I5: High | J5: Planned
A6: AWS-HUNT-002 | B6: IAM | C6: Is one identity chaining roles across several accounts? | D6: CloudTrail | E6: Link AssumeRole events by session issuer and sourceIdentity. | F6: Cross-account movement | G6: T1021.007 | H6: Daily | I6: Critical | J6: Planned
A7: AWS-HUNT-003 | B7: IAM | C7: Did a policy change precede access to secrets or S3? | D7: CloudTrail + Data Events | E7: Correlate IAM mutation with GetSecretValue, Decrypt, or GetObject. | F7: Privilege-to-data chain | G7: T1098 / T1530 | H7: Daily | I7: Critical | J7: Planned
A8: AWS-HUNT-004 | B8: CloudTrail | C8: Was logging weakened before suspicious activity? | D8: CloudTrail | E8: Correlate StopLogging, selector changes, or store deletion with sensitive APIs. | F8: Defense evasion | G8: T1562.008 | H8: Daily | I8: Critical | J8: Planned
A9: AWS-HUNT-005 | B9: S3 | C9: Are users enumerating or downloading more objects than peers? | D9: S3 Data Events | E9: Measure ListObjects/GetObject counts and bytes by identity and bucket. | F9: Data theft | G9: T1619 / T1530 | H9: Daily | I9: Critical | J9: Planned
A10: AWS-HUNT-006 | B10: S3 | C10: Are objects staged into archives before exfiltration? | D10: S3 Data Events | E10: Detect archive/encrypted object creation followed by bulk download or copy. | F10: Staging | G10: T1074 | H10: Daily | I10: High | J10: Planned
A11: AWS-HUNT-007 | B11: EC2 | C11: Are new expensive instances being used for cryptomining? | D11: CloudTrail + CloudWatch + GuardDuty | E11: Correlate RunInstances burst, sustained CPU/network, and crypto findings. | F11: Resource hijacking | G11: T1496 | H11: Hourly | I11: Critical | J11: Planned
A12: AWS-HUNT-008 | B12: EC2 | C12: Did SSM or Instance Connect precede privilege or data access? | D12: CloudTrail | E12: Correlate StartSession/SendSSHPublicKey with role use and sensitive API calls. | F12: Interactive lateral movement | G12: T1021.008 | H12: Daily | I12: High | J12: Planned
A13: AWS-HUNT-009 | B13: EKS | C13: Are users executing into pods outside normal namespaces? | D13: EKS Audit Logs | E13: Baseline pods/exec by user, cluster, and namespace. | F13: Interactive execution | G13: T1059 | H13: Daily | I13: High | J13: Planned
A14: AWS-HUNT-010 | B14: EKS | C14: Are workloads requesting dangerous host privileges? | D14: EKS Audit Logs | E14: Search privileged, hostPath, hostPID, runtime socket, and dangerous capabilities. | F14: Container escape preparation | G14: T1611 | H14: Hourly | I14: Critical | J14: Planned
A15: AWS-HUNT-011 | B15: Secrets/KMS | C15: Are principals accessing many secrets or decrypting unusually? | D15: CloudTrail Data Events | E15: Compare secret/key access graph and volume to baseline. | F15: Credential theft | G15: T1555.006 | H15: Daily | I15: Critical | J15: Planned
A16: AWS-HUNT-012 | B16: RDS | C16: Did a snapshot share or export cross account boundaries? | D16: CloudTrail | E16: Identify external restore grants and export tasks to unapproved buckets. | F16: Database exfiltration | G16: T1530 / T1041 | H16: Daily | I16: Critical | J16: Planned
... A19: AWS-HUNT-015 | B19: CI/CD | C19: Did pipeline or repository changes precede a privileged deployment? | D19: CloudTrail + CodePipeline/CodeBuild | E19: Correlate source/role changes, artifact updates, and production deploys. | F19: Supply-chain compromise | G19: T1195 | H19: Daily | I19: Critical | J19: Planned

Sheet Attack Chains
A1: AWS Multi-Stage Attack Correlation
A4: Chain ID | B4: Scenario | C4: Stage 1 | D4: Stage 2 | E4: Stage 3 | F4: Stage 4 | G4: Severity | H4: Window | I4: Join Keys | J4: Response
A5: AWS-CHAIN-001 | B5: Compromised identity to S3 exfiltration | C5: CreateAccessKey or anomalous login | D5: AssumeRole to privileged role | E5: S3 enumeration | F5: Mass GetObject/CopyObject | G5: Critical | H5: 60m | I5: Principal, role session, account, bucket | J5: Disable credentials, revoke sessions, secure bucket.
A6: AWS-CHAIN-002 | B6: Public EC2 exploitation | C6: Security group opened | D6: Suspicious inbound traffic / GuardDuty | E6: Instance profile abuse | F6: Secrets or S3 access | G6: Critical | H6: 90m | I6: Instance, ENI, role, source IP | J6: Isolate EC2, revoke role, preserve EBS.
A7: AWS-CHAIN-003 | B7: Cloud cryptomining | C7: Credential anomaly | D7: Mass GPU instance creation | E7: Sustained resource spike | F7: GuardDuty crypto finding | G7: Critical | H7: 60m | I7: Principal, account, Region | J7: Stop resources and disable actor.
A8: AWS-CHAIN-004 | B8: Logging evasion before impact | C8: CloudTrail or GuardDuty weakened | D8: Privilege change | E8: Mass deletion or KMS disable | F8: Recovery controls weakened | G8: Critical | H8: 120m | I8: Principal and account | J8: Restore telemetry, disable principal, activate recovery.
A9: AWS-CHAIN-005 | B9: EKS compromise | C9: Public service or stolen token | D9: Privileged pod / cluster-admin | E9: Secret read burst | F9: Cross-account role use | G9: Critical | H9: 90m | I9: Cluster, service account, role session | J9: Isolate cluster workload and rotate secrets.
A10: AWS-CHAIN-006 | B10: Lambda compromise | C10: Public invocation or code change | D10: Execution role escalation | E10: KMS/Secrets access | F10: RDS or S3 exfiltration | G10: Critical | H10: 90m | I10: Function, role, destination | J10: Disable function, rollback code, rotate secrets.
A11: AWS-CHAIN-007 | B11: CI/CD supply-chain compromise | C11: Pipeline/repository changed | D11: Artifact modified | E11: Privileged deployment | F11: Runtime GuardDuty finding | G11: Critical | H11: 4h | I11: Repository, build, artifact, workload | J11: Freeze pipeline and rollback.
A12: AWS-CHAIN-008 | B12: Insider data theft | C12: Sensitive S3/RDS access | D12: Snapshot/export/staging | E12: Large data transfer | F12: External sharing | G12: Critical | H12: 8h | I12: Principal and data resource | J12: Suspend access and preserve evidence.

Sheet Detection Quality
A1: AWS Detection Quality and Validation
A4: Detection ID | B4: Alerts | C4: True Positives | D4: False Positives | E4: Precision % | F4: Latency Min | G4: Triage Min | H4: Test Status | I4: Validation % | J4: Quality Status | K4: Owner
A5: AWS-DET-001 | B5: 12 | C5: 12 | D5: 0 | E5: =IF(B5=0,0,C5/B5*100) -> 100 | F5: 3 | G5: 10 | H5: Pass | I5: =IF(H5="Pass",100,IF(H5="Partial",50,0)) -> 100 | J5: =IF(AND(E5>=80,I5=100,F5<=15),"Healthy",IF(AND(E5>=60,I5>=50),"Review","Weak")) -> Healthy | K5: SOC Detection Engineering
A6: AWS-DET-002 | B6: 13 | C6: 12 | D6: 1 | E6: =IF(B6=0,0,C6/B6*100) -> 92.307692 | F6: 4 | G6: 11 | H6: Pass | I6: =IF(H6="Pass",100,IF(H6="Partial",50,0)) -> 100 | J6: =IF(AND(E6>=80,I6=100,F6<=15),"Healthy",IF(AND(E6>=60,I6>=50),"Review","Weak")) -> Healthy | K6: SOC Detection Engineering
A7: AWS-DET-003 | B7: 14 | C7: 12 | D7: 2 | E7: =IF(B7=0,0,C7/B7*100) -> 85.714286 | F7: 5 | G7: 12 | H7: Pass | I7: =IF(H7="Pass",100,IF(H7="Partial",50,0)) -> 100 | J7: =IF(AND(E7>=80,I7=100,F7<=15),"Healthy",IF(AND(E7>=60,I7>=50),"Review","Weak")) -> Healthy | K7: SOC Detection Engineering
A8: AWS-DET-004 | B8: 15 | C8: 12 | D8: 3 | E8: =IF(B8=0,0,C8/B8*100) -> 80 | F8: 6 | G8: 13 | H8: Pass | I8: =IF(H8="Pass",100,IF(H8="Partial",50,0)) -> 100 | J8: =IF(AND(E8>=80,I8=100,F8<=15),"Healthy",IF(AND(E8>=60,I8>=50),"Review","Weak")) -> Healthy | K8: SOC Detection Engineering
A9: AWS-DET-005 | B9: 16 | C9: 16 | D9: 0 | E9: =IF(B9=0,0,C9/B9*100) -> 100 | F9: 7 | G9: 14 | H9: Pass | I9: =IF(H9="Pass",100,IF(H9="Partial",50,0)) -> 100 | J9: =IF(AND(E9>=80,I9=100,F9<=15),"Healthy",IF(AND(E9>=60,I9>=50),"Review","Weak")) -> Healthy | K9: SOC Detection Engineering
A10: AWS-DET-006 | B10: 17 | C10: 16 | D10: 1 | E10: =IF(B10=0,0,C10/B10*100) -> 94.117647 | F10: 8 | G10: 15 | H10: Partial | I10: =IF(H10="Pass",100,IF(H10="Partial",50,0)) -> 50 | J10: =IF(AND(E10>=80,I10=100,F10<=15),"Healthy",IF(AND(E10>=60,I10>=50),"Review","Weak")) -> Review | K10: SOC Detection Engineering
A11: AWS-DET-007 | B11: 18 | C11: 16 | D11: 2 | E11: =IF(B11=0,0,C11/B11*100) -> 88.888889 | F11: 9 | G11: 16 | H11: Partial | I11: =IF(H11="Pass",100,IF(H11="Partial",50,0)) -> 50 | J11: =IF(AND(E11>=80,I11=100,F11<=15),"Healthy",IF(AND(E11>=60,I11>=50),"Review","Weak")) -> Review | K11: SOC Detection Engineering
A12: AWS-DET-008 | B12: 19 | C12: 16 | D12: 3 | E12: =IF(B12=0,0,C12/B12*100) -> 84.210526 | F12: 3 | G12: 17 | H12: Pass | I12: =IF(H12="Pass",100,IF(H12="Partial",50,0)) -> 100 | J12: =IF(AND(E12>=80,I12=100,F12<=15),"Healthy",IF(AND(E12>=60,I12>=50),"Review","Weak")) -> Healthy | K12: SOC Detection Engineering
A13: AWS-DET-009 | B13: 12 | C13: 12 | D13: 0 | E13: =IF(B13=0,0,C13/B13*100) -> 100 | F13: 4 | G13: 10 | H13: Pass | I13: =IF(H13="Pass",100,IF(H13="Partial",50,0)) -> 100 | J13: =IF(AND(E13>=80,I13=100,F13<=15),"Healthy",IF(AND(E13>=60,I13>=50),"Review","Weak")) -> Healthy | K13: SOC Detection Engineering
A14: AWS-DET-010 | B14: 13 | C14: 12 | D14: 1 | E14: =IF(B14=0,0,C14/B14*100) -> 92.307692 | F14: 5 | G14: 11 | H14: Pass | I14: =IF(H14="Pass",100,IF(H14="Partial",50,0)) -> 100 | J14: =IF(AND(E14>=80,I14=100,F14<=15),"Healthy",IF(AND(E14>=60,I14>=50),"Review","Weak")) -> Healthy | K14: SOC Detection Engineering
A15: AWS-DET-011 | B15: 14 | C15: 12 | D15: 2 | E15: =IF(B15=0,0,C15/B15*100) -> 85.714286 | F15: 6 | G15: 12 | H15: Pass | I15: =IF(H15="Pass",100,IF(H15="Partial",50,0)) -> 100 | J15: =IF(AND(E15>=80,I15=100,F15<=15),"Healthy",IF(AND(E15>=60,I15>=50),"Review","Weak")) -> Healthy | K15: SOC Detection Engineering
A16: AWS-DET-012 | B16: 15 | C16: 12 | D16: 3 | E16: =IF(B16=0,0,C16/B16*100) -> 80 | F16: 7 | G16: 13 | H16: Pass | I16: =IF(H16="Pass",100,IF(H16="Partial",50,0)) -> 100 | J16: =IF(AND(E16>=80,I16=100,F16<=15),"Healthy",IF(AND(E16>=60,I16>=50),"Review","Weak")) -> Healthy | K16: SOC Detection Engineering
... A64: AWS-DET-060 | B64: 15 | C64: 12 | D64: 3 | E64: =IF(B64=0,0,C64/B64*100) -> 80 | F64: 6 | G64: 13 | H64: Pass | I64: =IF(H64="Pass",100,IF(H64="Partial",50,0)) -> 100 | J64: =IF(AND(E64>=80,I64=100,F64<=15),"Healthy",IF(AND(E64>=60,I64>=50),"Review","Weak")) -> Healthy | K64: SOC Detection Engineering

Sheet SOC Dashboard
A1: AWS SOC Detection and Hunting Dashboard
A3: Author: Yuval Sinay | Version 2.0 | 03.08.2026 | Operational baseline - quality values are illustrative until connected to live case data
A5: Detection Use Cases | D5: Ready Detections | G5: Critical Use Cases | J5: Threat Hunts
A6: =COUNTA('Detection Catalog'!A6:A65) -> 60 | D6: =COUNTIF('Detection Catalog'!N6:N65,"Ready") -> 51 | G6: =COUNTIF('Detection Catalog'!I6:I65,"Critical") -> 49 | J6: =COUNTA('Threat Hunting'!A5:A19) -> 15
A11: AWS Domain | B11: Detections | C11: Critical | E11: ATT&CK Tactic | F11: Mapped Detections | G11: Target | I11: Quality Status | J11: Count
A12: IAM | B12: =COUNTIF('Detection Catalog'!B6:B65,A12) -> 9 | C12: =COUNTIFS('Detection Catalog'!B6:B65,A12,'Detection Catalog'!I6:I65,"Critical") -> 7 | E12: Initial Access | F12: 6 | G12: 4 | I12: Healthy | J12: =COUNTIF('Detection Quality'!J5:J64,I12) -> 51
A13: Organizations | B13: =COUNTIF('Detection Catalog'!B6:B65,A13) -> 1 | C13: =COUNTIFS('Detection Catalog'!B6:B65,A13,'Detection Catalog'!I6:I65,"Critical") -> 1 | E13: Execution | F13: 5 | G13: 4 | I13: Review | J13: =COUNTIF('Detection Quality'!J5:J64,I13) -> 9
A14: CloudTrail | B14: =COUNTIF('Detection Catalog'!B6:B65,A14) -> 4 | C14: =COUNTIFS('Detection Catalog'!B6:B65,A14,'Detection Catalog'!I6:I65,"Critical") -> 4 | E14: Persistence | F14: 8 | G14: 4 | I14: Weak | J14: =COUNTIF('Detection Quality'!J5:J64,I14) -> 0
A15: S3 | B15: =COUNTIF('Detection Catalog'!B6:B65,A15) -> 7 | C15: =COUNTIFS('Detection Catalog'!B6:B65,A15,'Detection Catalog'!I6:I65,"Critical") -> 7 | E15: Privilege Escalation | F15: 7 | G15: 4
A16: EC2 | B16: =COUNTIF('Detection Catalog'!B6:B65,A16) -> 8 | C16: =COUNTIFS('Detection Catalog'!B6:B65,A16,'Detection Catalog'!I6:I65,"Critical") -> 6 | E16: Defense Evasion | F16: 12 | G16: 4
A17: EKS | B17: =COUNTIF('Detection Catalog'!B6:B65,A17) -> 5 | C17: =COUNTIFS('Detection Catalog'!B6:B65,A17,'Detection Catalog'!I6:I65,"Critical") -> 4 | E17: Credential Access | F17: 6 | G17: 4
A18: Lambda | B18: =COUNTIF('Detection Catalog'!B6:B65,A18) -> 4 | C18: =COUNTIFS('Detection Catalog'!B6:B65,A18,'Detection Catalog'!I6:I65,"Critical") -> 3 | E18: Discovery | F18: 1 | G18: 4
A19: KMS | B19: =COUNTIF('Detection Catalog'!B6:B65,A19) -> 2 | C19: =COUNTIFS('Detection Catalog'!B6:B65,A19,'Detection Catalog'!I6:I65,"Critical") -> 2 | E19: Lateral Movement | F19: 3 | G19: 4
A20: Secrets Manager | B20: =COUNTIF('Detection Catalog'!B6:B65,A20) -> 3 | C20: =COUNTIFS('Detection Catalog'!B6:B65,A20,'Detection Catalog'!I6:I65,"Critical") -> 2 | E20: Collection | F20: 7 | G20: 4
A21: RDS | B21: =COUNTIF('Detection Catalog'!B6:B65,A21) -> 4 | C21: =COUNTIFS('Detection Catalog'!B6:B65,A21,'Detection Catalog'!I6:I65,"Critical") -> 4 | E21: Command and Control | F21: 2 | G21: 4
A22: Network | B22: =COUNTIF('Detection Catalog'!B6:B65,A22) -> 4 | C22: =COUNTIFS('Detection Catalog'!B6:B65,A22,'Detection Catalog'!I6:I65,"Critical") -> 2 | E22: Exfiltration | F22: 6 | G22: 4
A23: Security Hub | B23: =COUNTIF('Detection Catalog'!B6:B65,A23) -> 3 | C23: =COUNTIFS('Detection Catalog'!B6:B65,A23,'Detection Catalog'!I6:I65,"Critical") -> 2 | E23: Impact | F23: 5 | G23: 4
A24: GuardDuty | B24: =COUNTIF('Detection Catalog'!B6:B65,A24) -> 2 | C24: =COUNTIFS('Detection Catalog'!B6:B65,A24,'Detection Catalog'!I6:I65,"Critical") -> 2
A25: Macie | B25: =COUNTIF('Detection Catalog'!B6:B65,A25) -> 1 | C25: =COUNTIFS('Detection Catalog'!B6:B65,A25,'Detection Catalog'!I6:I65,"Critical") -> 1
A26: Inspector | B26: =COUNTIF('Detection Catalog'!B6:B65,A26) -> 1 | C26: =COUNTIFS('Detection Catalog'!B6:B65,A26,'Detection Catalog'!I6:I65,"Critical") -> 1
A27: CloudFormation | B27: =COUNTIF('Detection Catalog'!B6:B65,A27) -> 1 | C27: =COUNTIFS('Detection Catalog'!B6:B65,A27,'Detection Catalog'!I6:I65,"Critical") -> 0
A28: CloudBuild | B28: =COUNTIF('Detection Catalog'!B6:B65,A28) -> 1 | C28: =COUNTIFS('Detection Catalog'!B6:B65,A28,'Detection Catalog'!I6:I65,"Critical") -> 1

Sheet Sources
A1: Publisher | B1: Source | C1: Workbook Use | D1: URL | E1: Accessed
A2: AWS | B2: GuardDuty finding types | C2: Threat findings across IAM, EC2, S3, EKS, RDS, Lambda and runtime resources | D2: https://docs.aws.amazon.com/guardduty/latest/ug/guardduty_finding-types-active.html | E2: 46237
A3: AWS | B3: GuardDuty Extended Threat Detection | C3: Multi-stage attack-sequence findings | D3: https://docs.aws.amazon.com/guardduty/latest/ug/guardduty-extended-threat-detection.html | E3: 46237
A4: AWS | B4: GuardDuty attack sequence findings | C4: Correlation of IAM credentials and multi-stage attacks | D4: https://docs.aws.amazon.com/guardduty/latest/ug/guardduty-attack-sequence-finding-types.html | E4: 46237
A5: AWS | B5: CloudTrail user guide | C5: Management, data, Insights and network activity event foundation | D5: https://docs.aws.amazon.com/awscloudtrail/latest/userguide/cloudtrail-user-guide.html | E5: 46237
A6: AWS | B6: CloudTrail event history | C6: 90-day management-event history and limitations | D6: https://docs.aws.amazon.com/awscloudtrail/latest/userguide/view-cloudtrail-events.html | E6: 46237
A7: AWS | B7: CloudTrail data events | C7: Required telemetry for S3, Lambda, KMS, Secrets and other resource operations | D7: https://docs.aws.amazon.com/awscloudtrail/latest/userguide/logging-data-events-with-cloudtrail.html | E7: 46237
A8: AWS | B8: S3 CloudTrail events | C8: S3 management and object-level data events | D8: https://docs.aws.amazon.com/AmazonS3/latest/userguide/cloudtrail-logging-s3-info.html | E8: 46237
A9: AWS | B9: Security Hub CSPM findings | C9: Finding history, severity and affected resources | D9: https://docs.aws.amazon.com/securityhub/latest/userguide/securityhub-findings-viewing.html | E9: 46237
A10: AWS | B10: Security Hub ASFF | C10: Normalized AWS Security Finding Format | D10: https://docs.aws.amazon.com/securityhub/latest/userguide/securityhub-findings.html | E10: 46237
A11: AWS | B11: GuardDuty S3 Protection findings | C11: S3 collection, exfiltration and impact activity | D11: https://docs.aws.amazon.com/guardduty/latest/ug/guardduty_finding-types-s3.html | E11: 46237
A12: AWS | B12: GuardDuty EKS Protection findings | C12: EKS audit-log and runtime threat detections | D12: https://docs.aws.amazon.com/guardduty/latest/ug/guardduty-finding-types-eks-audit-logs.html | E12: 46237
A13: AWS | B13: GuardDuty Malware Protection for S3 | C13: Scanning new S3 objects for malware | D13: https://docs.aws.amazon.com/guardduty/latest/ug/gdu-malware-protection-s3.html | E13: 46237
... A17: MITRE ATT&CK | B17: Cloud Infrastructure Discovery | C17: Cloud infrastructure enumeration | D17: https://attack.mitre.org/techniques/T1580/ | E17: 46237
