Workbook

Sheet Detection Catalog
A1: Google Cloud SOC Detection Catalog
A3: Author: Yuval Sinay | Version 1.0 | 03.08.2026 | Operational content - tune thresholds and field mappings to your environment
A5: Detection ID | B5: Domain | C5: Use Case | D5: ATT&CK Tactic | E5: ATT&CK Technique | F5: Primary Telemetry | G5: Event / Method | H5: Detection Logic | I5: Severity | J5: Expected Fidelity | K5: Correlation Window | L5: Recommended Response | M5: Validation Test | N5: Lifecycle Status | O5: Source URL | P5: Enabled | Q5: Owner
A6: GCP-DET-001 | B6: IAM | C6: New organization-level Owner grant | D6: Persistence / Privilege Escalation | E6: T1098 | F6: Cloud Audit Logs | G6: SetIamPolicy | H6: Alert when roles/owner is newly granted at organization, folder, or production project scope; exclude approved provisioning groups. | I6: Critical | J6: High | K6: 5m | L6: Verify requester; revoke unauthorized binding; rotate affected credentials; review subsequent actions. | M6: Create a temporary test project and apply an approved test Owner binding. | N6: Ready | O6: https://docs.cloud.google.com/logging/docs/audit | P6: Yes | Q6: SOC Detection Engineering
A7: GCP-DET-002 | B7: IAM | C7: New Organization Administrator grant | D7: Persistence / Privilege Escalation | E7: T1098 | F7: Cloud Audit Logs | G7: SetIamPolicy | H7: Detect addition of roles/resourcemanager.organizationAdmin outside approved change windows. | I7: Critical | J7: High | K7: 5m | L7: Revoke unauthorized grant and investigate the initiating principal. | M7: Apply and remove a controlled test grant. | N7: Ready | O7: https://docs.cloud.google.com/logging/docs/audit | P7: Yes | Q7: SOC Detection Engineering
A8: GCP-DET-003 | B8: IAM | C8: Security Admin or IAM Admin granted | D8: Privilege Escalation | E8: T1098 | F8: Cloud Audit Logs | G8: SetIamPolicy | H8: Detect roles/iam.securityAdmin, roles/resourcemanager.projectIamAdmin, or custom IAM administration roles granted to unusual principals. | I8: Critical | J8: High | K8: 10m | L8: Confirm authorization; revoke; audit all policy changes by principal. | M8: Controlled test grant to security test identity. | N8: Ready | O8: https://docs.cloud.google.com/logging/docs/audit | P8: Yes | Q8: SOC Detection Engineering
A9: GCP-DET-004 | B9: IAM | C9: Public IAM binding introduced | D9: Initial Access / Persistence | E9: T1098 | F9: Cloud Audit Logs / Cloud Asset Inventory | G9: SetIamPolicy | H9: Detect allUsers or allAuthenticatedUsers added to any production resource policy. | I9: Critical | J9: High | K9: 5m | L9: Remove public member unless approved; assess data access during exposure period. | M9: Apply public viewer to a disposable test resource. | N9: Ready | O9: https://docs.cloud.google.com/asset-inventory/docs/search-allow-policies | P9: Yes | Q9: SOC Detection Engineering
A10: GCP-DET-005 | B10: IAM | C10: Service account key created | D10: Persistence | E10: T1098.001 | F10: Cloud Audit Logs | G10: google.iam.admin.v1.CreateServiceAccountKey | H10: Alert on user-managed service account key creation, especially for privileged service accounts. | I10: High | J10: High | K10: 5m | L10: Validate business need; delete unauthorized key; migrate to federation. | M10: Create and immediately delete a test key. | N10: Ready | O10: https://docs.cloud.google.com/logging/docs/audit | P10: Yes | Q10: SOC Detection Engineering
A11: GCP-DET-006 | B11: IAM | C11: Service account key used from new geography | D11: Valid Accounts | E11: T1078.004 | F11: Cloud Audit Logs | G11: principalEmail / callerIp | H11: Detect a service-account principal operating from an unseen country, ASN, or consumer ISP. | I11: High | J11: Medium | K11: 30m | L11: Disable key or account; investigate workload identity and token use. | M11: Replay approved activity from a controlled alternate egress. | N11: Needs tuning | O11: https://docs.cloud.google.com/logging/docs/audit/understanding-audit-logs | P11: Yes | Q11: SOC Detection Engineering
A12: GCP-DET-007 | B12: IAM | C12: High-volume access-token generation | D12: Credential Access / Persistence | E12: T1550 | F12: Cloud Audit Logs | G12: GenerateAccessToken | H12: Detect bursts of IAM Credentials API GenerateAccessToken calls by a user or service account. | I12: High | J12: Medium | K12: 15m | L12: Review delegation chain; revoke access; restrict Token Creator role. | M12: Generate a limited controlled burst in a test project. | N12: Ready | O12: https://docs.cloud.google.com/logging/docs/audit | P12: Yes | Q12: SOC Detection Engineering
A13: GCP-DET-008 | B13: IAM | C13: Service account impersonation by unusual principal | D13: Valid Accounts | E13: T1078.004 | F13: Cloud Audit Logs | G13: GenerateAccessToken | H13: Principal has not impersonated target service account during baseline period or originates outside approved automation. | I13: Critical | J13: High | K13: 15m | L13: Revoke Service Account Token Creator; disable compromised identity; review actions under impersonated identity. | M13: Use a test principal and test service account. | N13: Ready | O13: https://docs.cloud.google.com/logging/docs/audit | P13: Yes | Q13: SOC Detection Engineering
A14: GCP-DET-009 | B14: IAM | C14: Service account created and privileged rapidly | D14: Persistence | E14: T1136 / T1098 | F14: Cloud Audit Logs | G14: CreateServiceAccount + SetIamPolicy | H14: Correlate service account creation followed by privileged role assignment within 30 minutes. | I14: Critical | J14: High | K14: 30m | L14: Disable service account; remove role; review creator activity. | M14: Create a test service account and grant a harmless test role. | N14: Ready | O14: https://docs.cloud.google.com/chronicle/docs/yara-l/yara-l-2-0-examples | P14: Yes | Q14: SOC Detection Engineering
A15: GCP-DET-010 | B15: IAM | C15: Dormant privileged account becomes active | D15: Valid Accounts | E15: T1078.004 | F15: Cloud Audit Logs | G15: authenticationInfo.principalEmail | H15: Detect activity from privileged identity inactive for more than 60 days. | I15: High | J15: Medium | K15: 1h | L15: Challenge user; review login context and performed actions. | M15: Use a dormant test identity with approval. | N15: Needs tuning | O15: https://docs.cloud.google.com/logging/docs/audit | P15: Yes | Q15: SOC Detection Engineering
A16: GCP-DET-011 | B16: IAM | C16: Cross-project privileged activity spike | D16: Discovery / Privilege Escalation | E16: T1580 | F16: Cloud Audit Logs | G16: principalEmail / resource.labels.project_id | H16: Detect one principal performing administrative actions across many projects in a short window. | I16: High | J16: Medium | K16: 30m | L16: Validate automation; suspend identity if unexplained. | M16: Run approved inventory automation across test projects. | N16: Needs tuning | O16: https://attack.mitre.org/techniques/T1580/ | P16: Yes | Q16: SOC Detection Engineering
... A85: GCP-DET-080 | B85: CI/CD | C85: Production image tag overwritten or deleted | D85: Impact / Supply Chain | E85: T1485 / T1195 | F85: Artifact Registry Audit Logs | G85: tag/package update/delete | H85: Detect destructive or mutable changes to protected production artifacts. | I85: Critical | J85: High | K85: 5m | L85: Restore immutable artifact; stop deployments; investigate actor. | M85: Modify disposable test artifact. | N85: Ready | O85: https://docs.cloud.google.com/logging/docs/audit/services | P85: Yes | Q85: SOC Detection Engineering

Sheet Threat Hunting
A1: Google Cloud Threat Hunting Library
A4: Hunt ID | B4: Domain | C4: Hypothesis | D4: Data Sources | E4: Analytic Approach | F4: Incident Type | G4: ATT&CK | H4: Cadence | I4: Priority | J4: Success Criterion | K4: Investigation Action | L4: Hunt Status
A5: HUNT-001 | B5: IAM | C5: Has a privileged identity begun operating from a new geography or autonomous system? | D5: Cloud Audit Logs | E5: Group administrative events by principal, country/ASN and compare to 30-day baseline. | F5: Privileged account compromise | G5: T1078.004 | H5: Daily | I5: High | J5: New geography plus sensitive IAM action | K5: Validate travel/VPN; review token and subsequent activity. | L5: Planned
A6: HUNT-002 | B6: IAM | C6: Is a human principal impersonating many service accounts? | D6: Cloud Audit Logs | E6: Count distinct target service accounts in GenerateAccessToken by human principal. | F6: Service account abuse | G6: T1078.004 | H6: Daily | I6: Critical | J6: >3 target service accounts in 30 minutes | K6: Review delegation chain and disable suspicious token creator grants. | L6: Planned
A7: HUNT-003 | B7: IAM | C7: Did a new service account receive privilege and immediately access data? | D7: Cloud Audit Logs | E7: Correlate CreateServiceAccount, SetIamPolicy, and Data Access events within 60 minutes. | F7: Persistence and collection | G7: T1098 | H7: Daily | I7: Critical | J7: Three-stage sequence | K7: Disable account; review creator and accessed resources. | L7: Planned
A8: HUNT-004 | B8: IAM | C8: Are dormant privileged identities reactivated? | D8: Cloud Audit Logs | E8: Find privileged identities with no events for 60+ days that resume activity. | F8: Stolen dormant credentials | G8: T1078.004 | H8: Weekly | I8: High | J8: Dormancy plus administrative action | K8: Challenge owner and review complete session. | L8: Planned
A9: HUNT-005 | B9: Logging | C9: Was telemetry weakened before suspicious activity? | D9: Cloud Audit Logs | E9: Correlate sink/exclusion/audit changes with administrative or data access events by same principal. | F9: Defense evasion | G9: T1562.008 | H9: Daily | I9: Critical | J9: Logging change followed by sensitive action within 2h | K9: Restore logging and investigate full period. | L9: Planned
A10: HUNT-006 | B10: Storage | C10: Are users downloading substantially more objects than peers? | D10: Storage Data Access Logs | E10: Calculate objects and bytes read per principal and compare to peer percentile and history. | F10: Data theft | G10: T1530 | H10: Daily | I10: Critical | J10: >99th percentile and sensitive bucket | K10: Suspend account and scope exposed objects. | L10: Planned
A11: HUNT-007 | B11: Storage | C11: Are objects staged into archives before export? | D11: Storage Data Access Logs | E11: Identify bursts of archive/encrypted file creation followed by reads or cross-project copies. | F11: Data staging | G11: T1074 | H11: Daily | I11: High | J11: Archive burst plus external access | K11: Inspect creating workload and destination. | L11: Planned
A12: HUNT-008 | B12: BigQuery | C12: Are sensitive tables queried by unusual users or tools? | D12: BigQuery Data Access Logs | E12: Extract referenced tables, principal, user agent and bytes processed; compare to access baseline. | F12: Collection | G12: T1530 | H12: Daily | I12: High | J12: Rare principal or user agent plus high bytes | K12: Validate purpose and review result destination. | L12: Planned
A13: HUNT-009 | B13: BigQuery | C13: Did an IAM change precede a data export? | D13: Audit Logs + BigQuery Logs | E13: Correlate new BigQuery permissions with extract/copy jobs in 4 hours. | F13: Privilege-to-exfiltration chain | G13: T1098 / T1041 | H13: Daily | I13: Critical | J13: New grant plus export | K13: Revoke access and identify exported data. | L13: Planned
A14: HUNT-010 | B14: Compute | C14: Are new GPU or high-CPU instances being used for cryptomining? | D14: Audit Logs + Monitoring + SCC | E14: Combine mass instance creation, unusual regions, sustained CPU and SCC threat findings. | F14: Resource hijacking | G14: T1496 | H14: Hourly | I14: Critical | J14: Creation burst plus high CPU | K14: Stop instances and rotate creator credentials. | L14: Planned
A15: HUNT-011 | B15: Compute | C15: Were startup scripts or SSH keys changed shortly before suspicious execution? | D15: Cloud Audit Logs | E15: Search setMetadata changes and correlate with process/runtime alerts. | F15: Persistence | G15: T1059 | H15: Daily | I15: Critical | J15: Metadata change plus execution finding | K15: Isolate VM and inspect metadata history. | L15: Planned
... A24: HUNT-020 | B24: CI/CD | C24: Did a build trigger change precede a new privileged deployment? | D24: Cloud Build + Audit Logs | E24: Correlate trigger/repository/service account changes with artifact publication and deployment. | F24: Supply-chain compromise | G24: T1195 | H24: Daily | I24: Critical | J24: Trigger change plus production deploy | K24: Disable pipeline and validate artifacts. | L24: Planned

Sheet Attack Chains
A1: Multi-Stage Cloud Attack Correlation
A4: Chain ID | B4: Scenario | C4: Stage 1 | D4: Stage 2 | E4: Stage 3 | F4: Stage 4 | G4: Severity | H4: Window | I4: Join Keys | J4: Response
A5: CHAIN-001 | B5: Compromised identity to data exfiltration | C5: New privileged IAM grant | D5: Service-account impersonation | E5: Secret access burst | F5: BigQuery or Storage export | G5: Critical | H5: 60m | I5: Principal, target service account and project | J5: Disable identities; revoke grants; block exports; preserve logs.
A6: CHAIN-002 | B6: Public workload exploitation | C6: Public Cloud Run/GKE/VM exposure | D6: Threat finding or suspicious execution | E6: Secret/KMS access | F6: Outbound C2 or exfiltration | G6: Critical | H6: 90m | I6: Workload, service account and destination | J6: Remove public access; isolate workload; rotate secrets.
A7: CHAIN-003 | B7: Cloud cryptomining | C7: Credential anomaly | D7: Mass high-CPU/GPU instance creation | E7: Sustained resource spike | F7: SCC cryptomining finding | G7: Critical | H7: 60m | I7: Principal, project and billing account | J7: Stop resources; disable identity; review billing.
A8: CHAIN-004 | B8: Logging evasion before destructive action | C8: Sink/exclusion/audit change | D8: Privilege or metadata change | E8: Mass deletion | F8: Recovery control weakened | G8: Critical | H8: 120m | I8: Principal and organization/folder/project | J8: Restore logs; disable principal; initiate recovery.
A9: CHAIN-005 | B9: CI/CD supply-chain compromise | C9: Build trigger/repository changed | D9: Artifact tag overwritten | E9: Privileged deployment | F9: Runtime threat finding | G9: Critical | H9: 4h | I9: Repository, build, artifact and workload | J9: Freeze pipeline; validate artifact provenance; rollback.
A10: CHAIN-006 | B10: Cross-project lateral movement | C10: New peering/VPN or broad IAM grant | D10: Cloud service discovery | E10: Service-account impersonation | F10: Sensitive data access | G10: High | H10: 2h | I10: Principal and connected projects | J10: Remove trust path; revoke identity; assess affected projects.
A11: CHAIN-007 | B11: Ransomware-like cloud impact | C11: Credential compromise | D11: Snapshot/image protections altered | E11: Mass object or snapshot deletion | F11: KMS disable/destruction | G11: Critical | H11: 30m | I11: Principal and protected data assets | J11: Disable identity; stop destructive API calls; activate recovery.
A12: CHAIN-008 | B12: Insider data theft | C12: Unusual sensitive query | D12: Archive/staging creation | E12: Large export or object download | F12: External sharing | G12: Critical | H12: 8h | I12: Principal and data classification | J12: Suspend access; preserve evidence; involve insider-risk/legal process.

Sheet Detection Testing
A1: Detection Validation and Purple-Team Register
A4: Detection ID | B4: Use Case | C4: Validation Procedure | D4: Test Status | E4: Last Test | F4: Observed Alert | G4: Precision Notes | H4: Expected Result | I4: Safety Constraint | J4: Source
A5: GCP-DET-001 | B5: New organization-level Owner grant | C5: Create a temporary test project and apply an approved test Owner binding. | D5: Not tested | H5: Expected alert generated with correct entity and severity | I5: No unauthorized production effect | J5: https://docs.cloud.google.com/logging/docs/audit
A6: GCP-DET-002 | B6: New Organization Administrator grant | C6: Apply and remove a controlled test grant. | D6: Not tested | H6: Expected alert generated with correct entity and severity | I6: No unauthorized production effect | J6: https://docs.cloud.google.com/logging/docs/audit
A7: GCP-DET-003 | B7: Security Admin or IAM Admin granted | C7: Controlled test grant to security test identity. | D7: Not tested | H7: Expected alert generated with correct entity and severity | I7: No unauthorized production effect | J7: https://docs.cloud.google.com/logging/docs/audit
A8: GCP-DET-004 | B8: Public IAM binding introduced | C8: Apply public viewer to a disposable test resource. | D8: Not tested | H8: Expected alert generated with correct entity and severity | I8: No unauthorized production effect | J8: https://docs.cloud.google.com/asset-inventory/docs/search-allow-policies
A9: GCP-DET-005 | B9: Service account key created | C9: Create and immediately delete a test key. | D9: Not tested | H9: Expected alert generated with correct entity and severity | I9: No unauthorized production effect | J9: https://docs.cloud.google.com/logging/docs/audit
A10: GCP-DET-006 | B10: Service account key used from new geography | C10: Replay approved activity from a controlled alternate egress. | D10: Not tested | H10: Expected alert generated with correct entity and severity | I10: No unauthorized production effect | J10: https://docs.cloud.google.com/logging/docs/audit/understanding-audit-logs
A11: GCP-DET-007 | B11: High-volume access-token generation | C11: Generate a limited controlled burst in a test project. | D11: Not tested | H11: Expected alert generated with correct entity and severity | I11: No unauthorized production effect | J11: https://docs.cloud.google.com/logging/docs/audit
A12: GCP-DET-008 | B12: Service account impersonation by unusual principal | C12: Use a test principal and test service account. | D12: Not tested | H12: Expected alert generated with correct entity and severity | I12: No unauthorized production effect | J12: https://docs.cloud.google.com/logging/docs/audit
A13: GCP-DET-009 | B13: Service account created and privileged rapidly | C13: Create a test service account and grant a harmless test role. | D13: Not tested | H13: Expected alert generated with correct entity and severity | I13: No unauthorized production effect | J13: https://docs.cloud.google.com/chronicle/docs/yara-l/yara-l-2-0-examples
A14: GCP-DET-010 | B14: Dormant privileged account becomes active | C14: Use a dormant test identity with approval. | D14: Not tested | H14: Expected alert generated with correct entity and severity | I14: No unauthorized production effect | J14: https://docs.cloud.google.com/logging/docs/audit
A15: GCP-DET-011 | B15: Cross-project privileged activity spike | C15: Run approved inventory automation across test projects. | D15: Not tested | H15: Expected alert generated with correct entity and severity | I15: No unauthorized production effect | J15: https://attack.mitre.org/techniques/T1580/
A16: GCP-DET-012 | B16: Custom role created with dangerous permissions | C16: Create a test custom role with benign permissions and validate parsing. | D16: Not tested | H16: Expected alert generated with correct entity and severity | I16: No unauthorized production effect | J16: https://docs.cloud.google.com/logging/docs/audit
... A84: GCP-DET-080 | B84: Production image tag overwritten or deleted | C84: Modify disposable test artifact. | D84: Not tested | H84: Expected alert generated with correct entity and severity | I84: No unauthorized production effect | J84: https://docs.cloud.google.com/logging/docs/audit/services

Sheet Detection Quality
A1: Detection Quality, Coverage and Lifecycle Metrics
A4: Detection ID | B4: Alerts | C4: True Positives | D4: False Positives | E4: Precision % | F4: Mean Triage Minutes | G4: Detection Latency Minutes | H4: Tests Passed | I4: Tests Total | J4: Validation % | K4: Quality Status
A5: GCP-DET-001 | B5: 17 | C5: 17 | D5: 0 | E5: =IF(B5=0,0,C5/B5*100) -> 100 | F5: 17 | G5: 8 | H5: 1 | I5: 1 | J5: =IF(I5=0,0,H5/I5*100) -> 100 | K5: =IF(AND(E5>=80,J5=100,G5<=15),"Healthy",IF(AND(E5>=60,J5>=50),"Review","Weak")) -> Healthy
A6: GCP-DET-002 | B6: 18 | C6: 17 | D6: 1 | E6: =IF(B6=0,0,C6/B6*100) -> 94.444444 | F6: 18 | G6: 9 | H6: 1 | I6: 1 | J6: =IF(I6=0,0,H6/I6*100) -> 100 | K6: =IF(AND(E6>=80,J6=100,G6<=15),"Healthy",IF(AND(E6>=60,J6>=50),"Review","Weak")) -> Healthy
A7: GCP-DET-003 | B7: 19 | C7: 17 | D7: 2 | E7: =IF(B7=0,0,C7/B7*100) -> 89.473684 | F7: 19 | G7: 3 | H7: 1 | I7: 1 | J7: =IF(I7=0,0,H7/I7*100) -> 100 | K7: =IF(AND(E7>=80,J7=100,G7<=15),"Healthy",IF(AND(E7>=60,J7>=50),"Review","Weak")) -> Healthy
A8: GCP-DET-004 | B8: 20 | C8: 17 | D8: 3 | E8: =IF(B8=0,0,C8/B8*100) -> 85 | F8: 12 | G8: 4 | H8: 1 | I8: 1 | J8: =IF(I8=0,0,H8/I8*100) -> 100 | K8: =IF(AND(E8>=80,J8=100,G8<=15),"Healthy",IF(AND(E8>=60,J8>=50),"Review","Weak")) -> Healthy
A9: GCP-DET-005 | B9: 12 | C9: 8 | D9: 4 | E9: =IF(B9=0,0,C9/B9*100) -> 66.666667 | F9: 13 | G9: 5 | H9: 1 | I9: 1 | J9: =IF(I9=0,0,H9/I9*100) -> 100 | K9: =IF(AND(E9>=80,J9=100,G9<=15),"Healthy",IF(AND(E9>=60,J9>=50),"Review","Weak")) -> Review
A10: GCP-DET-006 | B10: 13 | C10: 13 | D10: 0 | E10: =IF(B10=0,0,C10/B10*100) -> 100 | F10: 14 | G10: 6 | H10: 0 | I10: 1 | J10: =IF(I10=0,0,H10/I10*100) -> 0 | K10: =IF(AND(E10>=80,J10=100,G10<=15),"Healthy",IF(AND(E10>=60,J10>=50),"Review","Weak")) -> Weak
A11: GCP-DET-007 | B11: 14 | C11: 13 | D11: 1 | E11: =IF(B11=0,0,C11/B11*100) -> 92.857143 | F11: 15 | G11: 7 | H11: 1 | I11: 1 | J11: =IF(I11=0,0,H11/I11*100) -> 100 | K11: =IF(AND(E11>=80,J11=100,G11<=15),"Healthy",IF(AND(E11>=60,J11>=50),"Review","Weak")) -> Healthy
A12: GCP-DET-008 | B12: 15 | C12: 13 | D12: 2 | E12: =IF(B12=0,0,C12/B12*100) -> 86.666667 | F12: 16 | G12: 8 | H12: 1 | I12: 1 | J12: =IF(I12=0,0,H12/I12*100) -> 100 | K12: =IF(AND(E12>=80,J12=100,G12<=15),"Healthy",IF(AND(E12>=60,J12>=50),"Review","Weak")) -> Healthy
A13: GCP-DET-009 | B13: 16 | C13: 13 | D13: 3 | E13: =IF(B13=0,0,C13/B13*100) -> 81.25 | F13: 17 | G13: 9 | H13: 1 | I13: 1 | J13: =IF(I13=0,0,H13/I13*100) -> 100 | K13: =IF(AND(E13>=80,J13=100,G13<=15),"Healthy",IF(AND(E13>=60,J13>=50),"Review","Weak")) -> Healthy
A14: GCP-DET-010 | B14: 17 | C14: 13 | D14: 4 | E14: =IF(B14=0,0,C14/B14*100) -> 76.470588 | F14: 18 | G14: 3 | H14: 0 | I14: 1 | J14: =IF(I14=0,0,H14/I14*100) -> 0 | K14: =IF(AND(E14>=80,J14=100,G14<=15),"Healthy",IF(AND(E14>=60,J14>=50),"Review","Weak")) -> Weak
A15: GCP-DET-011 | B15: 18 | C15: 18 | D15: 0 | E15: =IF(B15=0,0,C15/B15*100) -> 100 | F15: 19 | G15: 4 | H15: 0 | I15: 1 | J15: =IF(I15=0,0,H15/I15*100) -> 0 | K15: =IF(AND(E15>=80,J15=100,G15<=15),"Healthy",IF(AND(E15>=60,J15>=50),"Review","Weak")) -> Weak
A16: GCP-DET-012 | B16: 19 | C16: 18 | D16: 1 | E16: =IF(B16=0,0,C16/B16*100) -> 94.736842 | F16: 12 | G16: 5 | H16: 1 | I16: 1 | J16: =IF(I16=0,0,H16/I16*100) -> 100 | K16: =IF(AND(E16>=80,J16=100,G16<=15),"Healthy",IF(AND(E16>=60,J16>=50),"Review","Weak")) -> Healthy
... A84: GCP-DET-080 | B84: 15 | C84: 11 | D84: 4 | E84: =IF(B84=0,0,C84/B84*100) -> 73.333333 | F84: 16 | G84: 3 | H84: 1 | I84: 1 | J84: =IF(I84=0,0,H84/I84*100) -> 100 | K84: =IF(AND(E84>=80,J84=100,G84<=15),"Healthy",IF(AND(E84>=60,J84>=50),"Review","Weak")) -> Review

Sheet SOC Dashboard
A1: Google Cloud SOC Detection and Hunting Dashboard
A3: Author: Yuval Sinay | Version 4.0 | 03.08.2026 | Operational baseline - quality values are illustrative until connected to live case data
A5: Detection Use Cases | D5: Ready Detections | G5: Critical Use Cases | J5: Threat Hunts
A6: =COUNTA('Detection Catalog'!A6:A85) -> 80 | D6: =COUNTIF('Detection Catalog'!N6:N85,"Ready") -> 63 | G6: =COUNTIF('Detection Catalog'!I6:I85,"Critical") -> 52 | J6: =COUNTA('Threat Hunting'!A5:A24) -> 20
A11: Domain | B11: Detections | C11: Critical | E11: ATT&CK Tactic | F11: Mapped Detections | G11: Coverage Target | I11: Quality Status | J11: Count
A12: IAM | B12: =COUNTIF('Detection Catalog'!B6:B85,A12) -> 12 | C12: =COUNTIFS('Detection Catalog'!B6:B85,A12,'Detection Catalog'!I6:I85,"Critical") -> 7 | E12: Initial Access | F12: 9 | G12: 5 | I12: Healthy | J12: =COUNTIF('Detection Quality'!K5:K84,I12) -> 49
A13: Logging | B13: =COUNTIF('Detection Catalog'!B6:B85,A13) -> 6 | C13: =COUNTIFS('Detection Catalog'!B6:B85,A13,'Detection Catalog'!I6:I85,"Critical") -> 4 | E13: Execution | F13: 8 | G13: 5 | I13: Review | J13: =COUNTIF('Detection Quality'!K5:K84,I13) -> 14
A14: Storage | B14: =COUNTIF('Detection Catalog'!B6:B85,A14) -> 7 | C14: =COUNTIFS('Detection Catalog'!B6:B85,A14,'Detection Catalog'!I6:I85,"Critical") -> 4 | E14: Persistence | F14: 13 | G14: 5 | I14: Weak | J14: =COUNTIF('Detection Quality'!K5:K84,I14) -> 17
A15: BigQuery | B15: =COUNTIF('Detection Catalog'!B6:B85,A15) -> 5 | C15: =COUNTIFS('Detection Catalog'!B6:B85,A15,'Detection Catalog'!I6:I85,"Critical") -> 3 | E15: Privilege Escalation | F15: 10 | G15: 5
A16: Compute | B16: =COUNTIF('Detection Catalog'!B6:B85,A16) -> 10 | C16: =COUNTIFS('Detection Catalog'!B6:B85,A16,'Detection Catalog'!I6:I85,"Critical") -> 7 | E16: Defense Evasion | F16: 13 | G16: 5
A17: GKE | B17: =COUNTIF('Detection Catalog'!B6:B85,A17) -> 10 | C17: =COUNTIFS('Detection Catalog'!B6:B85,A17,'Detection Catalog'!I6:I85,"Critical") -> 7 | E17: Credential Access | F17: 8 | G17: 5
A18: Cloud Run | B18: =COUNTIF('Detection Catalog'!B6:B85,A18) -> 5 | C18: =COUNTIFS('Detection Catalog'!B6:B85,A18,'Detection Catalog'!I6:I85,"Critical") -> 3 | E18: Discovery | F18: 1 | G18: 5
A19: Secret Manager | B19: =COUNTIF('Detection Catalog'!B6:B85,A19) -> 3 | C19: =COUNTIFS('Detection Catalog'!B6:B85,A19,'Detection Catalog'!I6:I85,"Critical") -> 2 | E19: Lateral Movement | F19: 1 | G19: 5
A20: KMS | B20: =COUNTIF('Detection Catalog'!B6:B85,A20) -> 2 | C20: =COUNTIFS('Detection Catalog'!B6:B85,A20,'Detection Catalog'!I6:I85,"Critical") -> 2 | E20: Collection | F20: 10 | G20: 5
A21: Network | B21: =COUNTIF('Detection Catalog'!B6:B85,A21) -> 8 | C21: =COUNTIFS('Detection Catalog'!B6:B85,A21,'Detection Catalog'!I6:I85,"Critical") -> 4 | E21: Command and Control | F21: 4 | G21: 5
A22: SCC | B22: =COUNTIF('Detection Catalog'!B6:B85,A22) -> 4 | C22: =COUNTIFS('Detection Catalog'!B6:B85,A22,'Detection Catalog'!I6:I85,"Critical") -> 3 | E22: Exfiltration | F22: 10 | G22: 5
A23: Data Pipeline | B23: =COUNTIF('Detection Catalog'!B6:B85,A23) -> 2 | C23: =COUNTIFS('Detection Catalog'!B6:B85,A23,'Detection Catalog'!I6:I85,"Critical") -> 1 | E23: Impact | F23: 5 | G23: 5
A24: Cloud SQL | B24: =COUNTIF('Detection Catalog'!B6:B85,A24) -> 3 | C24: =COUNTIFS('Detection Catalog'!B6:B85,A24,'Detection Catalog'!I6:I85,"Critical") -> 3
A25: CI/CD | B25: =COUNTIF('Detection Catalog'!B6:B85,A25) -> 3 | C25: =COUNTIFS('Detection Catalog'!B6:B85,A25,'Detection Catalog'!I6:I85,"Critical") -> 2
G47: Incident Detection Readiness Interpretation
G48: Green | H48: Ready and validated detections with acceptable precision and latency.
G49: Amber | H49: Useful coverage, but tuning or test evidence is incomplete.
G50: Red | H50: Critical incident path lacks reliable telemetry, detection, or response validation.
G51: Priority | H51: Connect Cloud Audit Logs, SCC findings, Kubernetes Audit Logs, VPC Flow/DNS logs and Google SecOps before relying on the workbook operationally.

Sheet Operating Model
A1: SOC Operating Model for Google Cloud Detection
A4: Cadence | B4: Audience | C4: Review | D4: Required Decision | E4: Evidence | F4: SLA | G4: Escalation | H4: Output
A5: Near real time | B5: Tier 1/2 SOC | C5: Critical/high detections, correlated threats, logging failures | D5: Triage, contain or escalate | E5: Alert, UDM events, SCC finding, audit logs | F5: 15 minutes critical | G5: SOC lead | H5: Case record
A6: Daily | B6: Detection Engineering | C6: False positives, missed joins, parsing gaps, dormant rules | D6: Tune or disable; open telemetry defect | E6: Detection metrics and sample events | F6: 1 business day | G6: SOC manager | H6: Daily quality actions
A7: Weekly | B7: Cloud Security and Service Owners | C7: Coverage by domain, overdue testing, attack-chain gaps | D7: Assign engineering work and owners | E7: Catalog, testing register, threat hunts | F7: 5 business days | G7: CISO for critical gap | H7: Coverage backlog
A8: Monthly | B8: CISO and GRC | C8: Incident trends, detection quality, compliance evidence | D8: Accept risk or fund remediation | E8: Dashboard and evidence package | F8: Monthly | G8: Executive committee | H8: Risk report
A9: Quarterly | B9: Purple Team / Internal Audit | C9: Validation of high-risk detections and response chains | D9: Approve readiness or corrective plan | E9: Test results and incident simulations | F9: Quarterly | G9: CISO | H9: Readiness attestation

Sheet Sources
A1: Publisher | B1: Source | C1: Workbook Use | D1: URL | E1: Accessed
A2: Google Cloud | B2: Cloud Audit Logs overview | C2: Audit telemetry types and coverage | D2: https://docs.cloud.google.com/logging/docs/audit | E2: 46237
A3: Google Cloud | B3: Understanding audit logs | C3: Audit entry fields and interpretation | D3: https://docs.cloud.google.com/logging/docs/audit/understanding-audit-logs | E3: 46237
A4: Google Cloud | B4: Enable Data Access audit logs | C4: Configuration required for data-access detections | D4: https://docs.cloud.google.com/logging/docs/audit/configure-data-access | E4: 46237
A5: Google Cloud | B5: Event Threat Detection overview | C5: Built-in event and behavioral threat findings | D5: https://docs.cloud.google.com/security-command-center/docs/concepts-event-threat-detection-overview | E5: 46237
A6: Google Cloud | B6: Test Event Threat Detection | C6: Supported validation of IAM anomalous grant and malicious-domain detectors | D6: https://docs.cloud.google.com/security-command-center/docs/how-to-test-event-threat-detection | E6: 46237
A7: Google Cloud | B7: Threat detection in Security Command Center | C7: Event, container and cloud workload threat detection | D7: https://docs.cloud.google.com/security-command-center/docs/overview-threats | E7: 46237
A8: Google Cloud | B8: Cloud Run Threat Detection | C8: Runtime analysis of scripts, binaries and libraries | D8: https://docs.cloud.google.com/security-command-center/docs/cloud-run-threat-detection-overview | E8: 46237
A9: Google Cloud | B9: Correlated Threats | C9: Multi-stage structured investigation | D9: https://docs.cloud.google.com/security-command-center/docs/correlated-threats-overview | E9: 46237
A10: Google Cloud | B10: Cloud IDS threat detections | C10: Network threat findings and response | D10: https://docs.cloud.google.com/security-command-center/docs/findings/threats/cloud-ids-threat-activity | E10: 46237
A11: Google Cloud | B11: Firewall Insights | C11: Overly permissive, shadowed and unused rule insights | D11: https://docs.cloud.google.com/network-intelligence-center/docs/firewall-insights/concepts/overview | E11: 46237
A12: Google Cloud | B12: YARA-L 2.0 best practices | C12: Detection-rule quality and language guidance | D12: https://docs.cloud.google.com/chronicle/docs/detection/yara-l-best-practices | E12: 46237
A13: Google Cloud | B13: YARA-L single and multiple event rules | C13: Correlation examples for Google SecOps | D13: https://docs.cloud.google.com/chronicle/docs/yara-l/yara-l-2-0-examples | E13: 46237
... A21: MITRE ATT&CK | B21: Modify Cloud Compute Infrastructure | C21: Cloud compute modifications | D21: https://attack.mitre.org/techniques/T1578/ | E21: 46237
