Workbook

Sheet AI SOC Dashboard
A1: AI SOC Observability Dashboard | Author: Yuval Sinay | Version 1.0 | 19.07.2026
A3: Logs, Metrics, Traces, Runtime Detection, Threat Hunting, and SOAR Response
A5: Observability Score | D5: Red Metrics | G5: Trace Coverage | J5: MTTD (Minutes)
A6: =IFERROR(SUMPRODUCT('AI Observability Metrics'!$I$2:$I$56,'AI Observability Metrics'!$H$2:$H$56)/SUMIF('AI Observability Metrics'!$I$2:$I$56,">=0",'AI Observability Metrics'!$H$2:$H$56),0) -> 0 | D6: =COUNTIF('AI Observability Metrics'!$J$2:$J$56,"Red") -> 0 | G6: =IFERROR(INDEX('AI Observability Metrics'!$G$2:$G$56,MATCH("Agent Trajectory Trace Coverage",'AI Observability Metrics'!$B$2:$B$56,0)),0) -> 0 | J6: =IFERROR(INDEX('AI Observability Metrics'!$G$2:$G$56,MATCH("Mean Time to Detect AI Incident",'AI Observability Metrics'!$B$2:$B$56,0)),0) -> 0
A11: Observability Pillar | B11: Average Score | C11: Assessed Metrics | E11: Status | F11: Count | H11: Priority | I11: Metric | J11: Score | K11: Current | L11: Target
A12: Logs | B12: =IFERROR(SUMPRODUCT(('AI Observability Metrics'!$A$2:$A$56=A12)*'AI Observability Metrics'!$I$2:$I$56*'AI Observability Metrics'!$H$2:$H$56)/SUMPRODUCT(('AI Observability Metrics'!$A$2:$A$56=A12)*('AI Observability Metrics'!$I$2:$I$56<>"")*'AI Observability Metrics'!$H$2:$H$56),0) -> 0 | C12: =COUNTIFS('AI Observability Metrics'!$A$2:$A$56,A12,'AI Observability Metrics'!$G$2:$G$56,">="&0) -> 0 | E12: Green | F12: =COUNTIF('AI Observability Metrics'!$J$2:$J$56,E12) -> 0 | H12: 1 | I12: =IFERROR(INDEX('AI Observability Metrics'!$B$2:$B$56,MATCH(SMALL('AI Observability Metrics'!$I$2:$I$56,H12),'AI Observability Metrics'!$I$2:$I$56,0)),"") | J12: =IF(I12="","",INDEX('AI Observability Metrics'!$I$2:$I$56,MATCH(I12,'AI Observability Metrics'!$B$2:$B$56,0))) | K12: =IF(I12="","",INDEX('AI Observability Metrics'!$G$2:$G$56,MATCH(I12,'AI Observability Metrics'!$B$2:$B$56,0))) | L12: =IF(I12="","",INDEX('AI Observability Metrics'!$F$2:$F$56,MATCH(I12,'AI Observability Metrics'!$B$2:$B$56,0)))
A13: Metrics | B13: =IFERROR(SUMPRODUCT(('AI Observability Metrics'!$A$2:$A$56=A13)*'AI Observability Metrics'!$I$2:$I$56*'AI Observability Metrics'!$H$2:$H$56)/SUMPRODUCT(('AI Observability Metrics'!$A$2:$A$56=A13)*('AI Observability Metrics'!$I$2:$I$56<>"")*'AI Observability Metrics'!$H$2:$H$56),0) -> 0 | C13: =COUNTIFS('AI Observability Metrics'!$A$2:$A$56,A13,'AI Observability Metrics'!$G$2:$G$56,">="&0) -> 0 | E13: Amber | F13: =COUNTIF('AI Observability Metrics'!$J$2:$J$56,E13) -> 0 | H13: 2 | I13: =IFERROR(INDEX('AI Observability Metrics'!$B$2:$B$56,MATCH(SMALL('AI Observability Metrics'!$I$2:$I$56,H13),'AI Observability Metrics'!$I$2:$I$56,0)),"") | J13: =IF(I13="","",INDEX('AI Observability Metrics'!$I$2:$I$56,MATCH(I13,'AI Observability Metrics'!$B$2:$B$56,0))) | K13: =IF(I13="","",INDEX('AI Observability Metrics'!$G$2:$G$56,MATCH(I13,'AI Observability Metrics'!$B$2:$B$56,0))) | L13: =IF(I13="","",INDEX('AI Observability Metrics'!$F$2:$F$56,MATCH(I13,'AI Observability Metrics'!$B$2:$B$56,0)))
A14: Traces | B14: =IFERROR(SUMPRODUCT(('AI Observability Metrics'!$A$2:$A$56=A14)*'AI Observability Metrics'!$I$2:$I$56*'AI Observability Metrics'!$H$2:$H$56)/SUMPRODUCT(('AI Observability Metrics'!$A$2:$A$56=A14)*('AI Observability Metrics'!$I$2:$I$56<>"")*'AI Observability Metrics'!$H$2:$H$56),0) -> 0 | C14: =COUNTIFS('AI Observability Metrics'!$A$2:$A$56,A14,'AI Observability Metrics'!$G$2:$G$56,">="&0) -> 0 | E14: Red | F14: =COUNTIF('AI Observability Metrics'!$J$2:$J$56,E14) -> 0 | H14: 3 | I14: =IFERROR(INDEX('AI Observability Metrics'!$B$2:$B$56,MATCH(SMALL('AI Observability Metrics'!$I$2:$I$56,H14),'AI Observability Metrics'!$I$2:$I$56,0)),"") | J14: =IF(I14="","",INDEX('AI Observability Metrics'!$I$2:$I$56,MATCH(I14,'AI Observability Metrics'!$B$2:$B$56,0))) | K14: =IF(I14="","",INDEX('AI Observability Metrics'!$G$2:$G$56,MATCH(I14,'AI Observability Metrics'!$B$2:$B$56,0))) | L14: =IF(I14="","",INDEX('AI Observability Metrics'!$F$2:$F$56,MATCH(I14,'AI Observability Metrics'!$B$2:$B$56,0)))
A15: Detection | B15: =IFERROR(SUMPRODUCT(('AI Observability Metrics'!$A$2:$A$56=A15)*'AI Observability Metrics'!$I$2:$I$56*'AI Observability Metrics'!$H$2:$H$56)/SUMPRODUCT(('AI Observability Metrics'!$A$2:$A$56=A15)*('AI Observability Metrics'!$I$2:$I$56<>"")*'AI Observability Metrics'!$H$2:$H$56),0) -> 0 | C15: =COUNTIFS('AI Observability Metrics'!$A$2:$A$56,A15,'AI Observability Metrics'!$G$2:$G$56,">="&0) -> 0 | E15: Not Assessed | F15: =COUNTIF('AI Observability Metrics'!$J$2:$J$56,E15) -> 55 | H15: 4 | I15: =IFERROR(INDEX('AI Observability Metrics'!$B$2:$B$56,MATCH(SMALL('AI Observability Metrics'!$I$2:$I$56,H15),'AI Observability Metrics'!$I$2:$I$56,0)),"") | J15: =IF(I15="","",INDEX('AI Observability Metrics'!$I$2:$I$56,MATCH(I15,'AI Observability Metrics'!$B$2:$B$56,0))) | K15: =IF(I15="","",INDEX('AI Observability Metrics'!$G$2:$G$56,MATCH(I15,'AI Observability Metrics'!$B$2:$B$56,0))) | L15: =IF(I15="","",INDEX('AI Observability Metrics'!$F$2:$F$56,MATCH(I15,'AI Observability Metrics'!$B$2:$B$56,0)))
A16: Hunting | B16: =IFERROR(SUMPRODUCT(('AI Observability Metrics'!$A$2:$A$56=A16)*'AI Observability Metrics'!$I$2:$I$56*'AI Observability Metrics'!$H$2:$H$56)/SUMPRODUCT(('AI Observability Metrics'!$A$2:$A$56=A16)*('AI Observability Metrics'!$I$2:$I$56<>"")*'AI Observability Metrics'!$H$2:$H$56),0) -> 0 | C16: =COUNTIFS('AI Observability Metrics'!$A$2:$A$56,A16,'AI Observability Metrics'!$G$2:$G$56,">="&0) -> 0 | H16: 5 | I16: =IFERROR(INDEX('AI Observability Metrics'!$B$2:$B$56,MATCH(SMALL('AI Observability Metrics'!$I$2:$I$56,H16),'AI Observability Metrics'!$I$2:$I$56,0)),"") | J16: =IF(I16="","",INDEX('AI Observability Metrics'!$I$2:$I$56,MATCH(I16,'AI Observability Metrics'!$B$2:$B$56,0))) | K16: =IF(I16="","",INDEX('AI Observability Metrics'!$G$2:$G$56,MATCH(I16,'AI Observability Metrics'!$B$2:$B$56,0))) | L16: =IF(I16="","",INDEX('AI Observability Metrics'!$F$2:$F$56,MATCH(I16,'AI Observability Metrics'!$B$2:$B$56,0)))
A39: AI Incident Repository Operationalization | E39: AI Coding Agent & Harness Observability | I39: Operational Readiness
A40: Repository Coverage | B40: Incident-to-Detection | C40: Detection Validation | D40: Evidence Trace Completeness | E40: Trajectory Coverage | F40: Harness Drift Rate | G40: Hook Coverage | H40: Security Eval Regression | I40: Coding Use Cases | J40: Operational Use Cases | K40: Harness Components | L40: Telemetry Sources
A41: =IFERROR(INDEX('AI Observability Metrics'!$G$2:$G$33,MATCH("Incident Repository Coverage",'AI Observability Metrics'!$B$2:$B$33,0)),0) -> 0 | B41: =IFERROR(INDEX('AI Observability Metrics'!$G$2:$G$33,MATCH("Incident-to-Detection Conversion Rate",'AI Observability Metrics'!$B$2:$B$33,0)),0) -> 0 | C41: =IFERROR(INDEX('AI Observability Metrics'!$G$2:$G$33,MATCH("Incident Detection Validation Rate",'AI Observability Metrics'!$B$2:$B$33,0)),0) -> 0 | D41: =IFERROR(INDEX('AI Observability Metrics'!$G$2:$G$33,MATCH("Incident Evidence Trace Completeness",'AI Observability Metrics'!$B$2:$B$33,0)),0) -> 0 | E41: =IFERROR(INDEX('AI Observability Metrics'!$G$2:$G$56,MATCH("Agent Trajectory Trace Coverage",'AI Observability Metrics'!$B$2:$B$56,0)),0) -> 0 | F41: =IFERROR(INDEX('AI Observability Metrics'!$G$2:$G$56,MATCH("Harness Configuration Drift Rate",'AI Observability Metrics'!$B$2:$B$56,0)),0) -> 0 | G41: =IFERROR(INDEX('AI Observability Metrics'!$G$2:$G$56,MATCH("Hook Execution Coverage",'AI Observability Metrics'!$B$2:$B$56,0)),0) -> 0 | H41: =IFERROR(INDEX('AI Observability Metrics'!$G$2:$G$56,MATCH("Security Eval Regression Rate",'AI Observability Metrics'!$B$2:$B$56,0)),0) -> 0 | I41: =COUNTA('Coding Agent Use Cases'!$A$2:$A$15) -> 14 | J41: =COUNTIF('Coding Agent Use Cases'!$H$2:$H$15,"Operational") -> 0 | K41: =COUNTA('Harness Observability'!$A$2:$A$10) -> 9 | L41: =COUNTA('Telemetry Sources'!$A$2:$A$18) -> 17

Sheet AI Observability Metrics
A1: Pillar | B1: Metric | C1: Definition / Formula | D1: Unit | E1: Direction | F1: Target | G1: Current Value | H1: Weight | I1: Score | J1: Status | K1: Review Frequency | L1: Owner | M1: Telemetry Sources
A2: Logs | B2: AI Telemetry Ingestion Coverage | C2: Required AI runtime log sources connected to the SIEM / required sources | D2: % | E2: Higher | F2: 100 | H2: 1 | I2: =IF(G2="","",IF(E2="Higher",MIN(100,MAX(0,G2/F2*100)),IF(F2=0,IF(G2=0,100,0),MIN(100,MAX(0,F2/G2*100))))) | J2: =IF(I2="","Not Assessed",IF(I2>=90,"Green",IF(I2>=70,"Amber","Red"))) -> Not Assessed | K2: Hourly | L2: SOC Platform | M2: SIEM; Model Gateway; API Gateway; AI Model; RAG; IAM; EDR/XDR
A3: Logs | B3: Critical AI Event Parsing Success | C3: Correctly parsed critical AI events / critical AI events received | D3: % | E3: Higher | F3: 99 | H3: 1 | I3: =IF(G3="","",IF(E3="Higher",MIN(100,MAX(0,G3/F3*100)),IF(F3=0,IF(G3=0,100,0),MIN(100,MAX(0,F3/G3*100))))) | J3: =IF(I3="","Not Assessed",IF(I3>=90,"Green",IF(I3>=70,"Amber","Red"))) -> Not Assessed | K3: Hourly | L3: SIEM Engineering | M3: SIEM parsers; model and API gateway logs; AI model logs
A4: Logs | B4: AI Logging Gap Events | C4: Periods where required AI telemetry is unavailable or incomplete | D4: Count | E4: Lower | F4: 0 | H4: 1 | I4: =IF(G4="","",IF(E4="Higher",MIN(100,MAX(0,G4/F4*100)),IF(F4=0,IF(G4=0,100,0),MIN(100,MAX(0,F4/G4*100))))) | J4: =IF(I4="","Not Assessed",IF(I4>=90,"Green",IF(I4>=70,"Amber","Red"))) -> Not Assessed | K4: Hourly | L4: SOC Platform | M4: SIEM collector health; source heartbeats; parser errors
A5: Metrics | B5: AI Telemetry Freshness | C5: Average delay from event generation to SIEM availability | D5: Seconds | E5: Lower | F5: 60 | H5: 1 | I5: =IF(G5="","",IF(E5="Higher",MIN(100,MAX(0,G5/F5*100)),IF(F5=0,IF(G5=0,100,0),MIN(100,MAX(0,F5/G5*100))))) | J5: =IF(I5="","Not Assessed",IF(I5>=90,"Green",IF(I5>=70,"Amber","Red"))) -> Not Assessed | K5: 5 minutes | L5: SOC Platform | M5: SIEM ingestion timestamps; collectors; gateways
A6: Metrics | B6: Prompt Injection Attempt Rate | C6: Detected prompt-injection attempts per 1,000 AI requests | D6: Per 1,000 requests | E6: Lower | F6: 10 | H6: 1 | I6: =IF(G6="","",IF(E6="Higher",MIN(100,MAX(0,G6/F6*100)),IF(F6=0,IF(G6=0,100,0),MIN(100,MAX(0,F6/G6*100))))) | J6: =IF(I6="","Not Assessed",IF(I6>=90,"Green",IF(I6>=70,"Amber","Red"))) -> Not Assessed | K6: 5 minutes | L6: SOC / AI Security | M6: Model Gateway; AI Model; WAF; API Gateway; SIEM
A7: Metrics | B7: Prompt Injection Detection Rate | C7: Detected confirmed prompt-injection attempts / confirmed attempts | D7: % | E7: Higher | F7: 95 | H7: 1 | I7: =IF(G7="","",IF(E7="Higher",MIN(100,MAX(0,G7/F7*100)),IF(F7=0,IF(G7=0,100,0),MIN(100,MAX(0,F7/G7*100))))) | J7: =IF(I7="","Not Assessed",IF(I7>=90,"Green",IF(I7>=70,"Amber","Red"))) -> Not Assessed | K7: Daily | L7: SOC / AI Security | M7: Model Gateway; AI Model; SIEM
A8: Metrics | B8: Adversarial Bypass Success Rate | C8: Successful jailbreak, evasion, or policy-bypass events / adversarial attempts | D8: % | E8: Lower | F8: 1 | H8: 1 | I8: =IF(G8="","",IF(E8="Higher",MIN(100,MAX(0,G8/F8*100)),IF(F8=0,IF(G8=0,100,0),MIN(100,MAX(0,F8/G8*100))))) | J8: =IF(I8="","Not Assessed",IF(I8>=90,"Green",IF(I8>=70,"Amber","Red"))) -> Not Assessed | K8: Daily | L8: SOC / AI Security | M8: Model Gateway; AI Model; output classifier; SIEM
A9: Metrics | B9: Sensitive Data Leakage Detection Rate | C9: Detected confirmed leakage events / confirmed leakage events | D9: % | E9: Higher | F9: 99 | H9: 1 | I9: =IF(G9="","",IF(E9="Higher",MIN(100,MAX(0,G9/F9*100)),IF(F9=0,IF(G9=0,100,0),MIN(100,MAX(0,F9/G9*100))))) | J9: =IF(I9="","Not Assessed",IF(I9>=90,"Green",IF(I9>=70,"Amber","Red"))) -> Not Assessed | K9: Daily | L9: SOC / DLP | M9: DLP; AI Model; RAG; CASB; SIEM
A10: Metrics | B10: Unauthorized AI Action Events | C10: Tool or agent actions executed without valid authorization | D10: Count | E10: Lower | F10: 0 | H10: 1 | I10: =IF(G10="","",IF(E10="Higher",MIN(100,MAX(0,G10/F10*100)),IF(F10=0,IF(G10=0,100,0),MIN(100,MAX(0,F10/G10*100))))) | J10: =IF(I10="","Not Assessed",IF(I10>=90,"Green",IF(I10>=70,"Amber","Red"))) -> Not Assessed | K10: Real time | L10: SOC / IAM | M10: IAM; Model Gateway; tool logs; EDR/XDR; SIEM
A11: Metrics | B11: Output Policy Violation Rate | C11: Outputs violating approved security, safety, or usage policy / outputs inspected | D11: % | E11: Lower | F11: 1 | H11: 1 | I11: =IF(G11="","",IF(E11="Higher",MIN(100,MAX(0,G11/F11*100)),IF(F11=0,IF(G11=0,100,0),MIN(100,MAX(0,F11/G11*100))))) | J11: =IF(I11="","Not Assessed",IF(I11>=90,"Green",IF(I11>=70,"Amber","Red"))) -> Not Assessed | K11: 15 minutes | L11: SOC / AI Safety | M11: AI Model; Model Gateway; output classifier; DLP; SIEM
A12: Metrics | B12: Abnormal Token Consumption Events | C12: Requests exceeding approved token, cost, or recursion thresholds | D12: Count | E12: Lower | F12: 5 | H12: 1 | I12: =IF(G12="","",IF(E12="Higher",MIN(100,MAX(0,G12/F12*100)),IF(F12=0,IF(G12=0,100,0),MIN(100,MAX(0,F12/G12*100))))) | J12: =IF(I12="","Not Assessed",IF(I12>=90,"Green",IF(I12>=70,"Amber","Red"))) -> Not Assessed | K12: 15 minutes | L12: SOC / FinOps | M12: Model Gateway; API Gateway; AI Model; FinOps; SIEM
A13: Metrics | B13: AI Alert Precision | C13: True-positive AI alerts / investigated AI alerts | D13: % | E13: Higher | F13: 85 | H13: 1 | I13: =IF(G13="","",IF(E13="Higher",MIN(100,MAX(0,G13/F13*100)),IF(F13=0,IF(G13=0,100,0),MIN(100,MAX(0,F13/G13*100))))) | J13: =IF(I13="","Not Assessed",IF(I13>=90,"Green",IF(I13>=70,"Amber","Red"))) -> Not Assessed | K13: Weekly | L13: SOC | M13: SIEM; SOAR case dispositions
... A56: Metrics | B56: Model Routing Policy Violation Rate | C56: Tasks routed to models outside approved risk, cost, or capability policy / routed tasks | D56: % | E56: Lower | F56: 1 | H56: 1 | I56: =IF(G56="","",IF(E56="Higher",MIN(100,MAX(0,G56/F56*100)),IF(F56=0,IF(G56=0,100,0),MIN(100,MAX(0,F56/G56*100))))) | J56: =IF(I56="","Not Assessed",IF(I56>=90,"Green",IF(I56>=70,"Amber","Red"))) -> Not Assessed | K56: Daily | L56: AI Platform / SOC | M56: Model Gateway; Routing Engine; SIEM

Sheet Trace Model
A1: Stage | B1: Trace Component | C1: Required Context | D1: Primary Sources | E1: Minimum Fields
A2: 1 | B2: Identity | C2: User, workload, service account, role, token, device, source IP | D2: IAM/PAM; API Gateway | E2: identity_id, principal, role, scope, auth_result, risk_score
A3: 2 | B3: Request | C3: Application, endpoint, request ID, session ID, timestamp | D3: API Gateway; Model Gateway | E3: request_id, session_id, app_id, route, source_ip, timestamp
A4: 3 | B4: Prompt | C4: Raw prompt, normalized prompt, language, encoding, prompt-risk score | D4: Model Gateway; AI Model | E4: prompt_hash, normalized_prompt, language, encoding, injection_score
A5: 4 | B5: Policy Decision | C5: Guardrail, safety, authorization, and routing decisions | D5: Model Gateway; Policy Engine | E5: policy_id, decision, reason, confidence, control_version
A6: 5 | B6: Model Execution | C6: Model ID, model version, parameters, token use, latency, output classification | D6: AI Model / Inference Runtime | E6: model_id, version, input_tokens, output_tokens, latency, safety_label
A7: 6 | B7: Retrieval | C7: Query, retrieved chunks, source IDs, similarity, trust and provenance | D7: RAG; Vector Database | E7: retrieval_id, document_id, chunk_id, similarity, trust_score, source_uri
A8: 7 | B8: Tool Action | C8: Tool, arguments, authorization, target resource, result and duration | D8: Agent Runtime; Tool Logs | E8: tool_call_id, tool_name, args_hash, authz_result, target, result
A9: 8 | B9: Output | C9: Response hash, policy label, DLP classification, destination and delivery status | D9: AI Model; DLP; Application | E9: output_hash, policy_label, data_classification, destination, delivery_status
A10: 9 | B10: Downstream Effect | C10: Created, modified, transmitted, deleted, or executed business action | D10: EDR/XDR; SaaS logs; workflow platform | E10: action_id, resource, action_type, before_state, after_state, result
A11: 10 | B11: SOC Correlation | C11: SIEM alert, risk score, incident, analyst decision and SOAR playbook | D11: SIEM; SOAR | E11: alert_id, incident_id, rule_id, risk_score, analyst_disposition, playbook_id
A12: 11 | B12: Agent Goal and Plan | C12: Goal, constraints, plan version, success criteria and risk classification | D12: Agent Runtime; Orchestration | E12: goal_id, plan_id, objective, constraints, success_criteria, risk_level
A13: 12 | B13: Trajectory Step | C13: Step number, selected action, reason, observation, retry and re-plan | D13: Agent Runtime; Model Gateway | E13: step_id, step_number, action, reason, observation, retry_count, replan_reason
... A17: 16 | B17: Evaluation | C17: Output, trajectory, security and regression evaluation results | D17: Eval Platform; CI/CD | E17: eval_id, eval_type, rubric, dataset_version, score, failure_cluster, pass_fail

Sheet Detection Response Matrix
A1: Threat | B1: Event | C1: Detection Logic | D1: Telemetry Sources | E1: Investigation | F1: Response | G1: Response Systems | H1: Severity | I1: Status
A2: Prompt Injection / Jailbreak | B2: Suspicious prompt, encoded instruction, override attempt, or refusal probing | C2: Correlate prompt-risk score, user history, policy result, output, and tool calls | D2: Model Gateway; AI Model; API Gateway; SIEM | E2: Review raw and normalized prompt, policy decisions, and full trace | F2: Block session; disable tools; revoke API key; increase inspection | G2: SOAR; Model Gateway; API Gateway; IAM | H2: High | I2: Draft
A3: Sensitive Data Leakage | B3: Output contains regulated data, secrets, credentials, or internal information | C3: Correlate DLP classification, source document, user authorization, output, and destination | D3: DLP; AI Model; RAG; CASB; SIEM | E3: Validate classification, data owner, source, recipients, and secret reuse | F3: Block output; quarantine content; revoke link; rotate secret | G3: SOAR; DLP; CASB; Secrets Manager | H3: Critical | I3: Draft
A4: Unauthorized AI Action | B4: Tool or agent action lacks valid authorization, scope, or approval | C4: Correlate identity, token scope, tool, resource, workflow state, and result | D4: IAM/PAM; Model Gateway; Tool Logs; EDR/XDR; SIEM | E4: Inspect task objective, role, resource, and whether action completed | F4: Terminate action; revoke token; isolate agent; disable connector | G4: SOAR; IAM/PAM; Model Gateway; EDR/XDR | H4: Critical | I4: Draft
A5: Malicious RAG Retrieval | B5: Retrieved content contains hidden instructions, poisoned content, or an untrusted source | C5: Correlate source trust, document history, chunks, output, and tool actions | D5: RAG Logs; Vector DB; Model Gateway; AI Model; SIEM | E5: Inspect provenance, retrieved chunks, affected outputs, and impacted traces | F5: Quarantine source; remove from index; invalidate cache | G5: SOAR; RAG Platform; Vector DB; Model Gateway | H5: High | I5: Draft
A6: Model Extraction / Scraping | B6: High-volume, repetitive, or boundary-probing requests | C6: Correlate similarity, token use, identity, IP, rate limits, and session behavior | D6: API Gateway; WAF; Model Gateway; AI Model; SIEM | E6: Profile actor, request clusters, targeted model behavior, and data volume | F6: Throttle or block; require stronger authentication; reduce response detail | G6: SOAR; API Gateway; WAF; IAM | H6: High | I6: Draft
A7: Denial of Wallet | B7: Abnormal token volume, retries, recursion, latency, or tool calls | C7: Correlate token cost, workflow, user, retries, model, and downstream tools | D7: Model Gateway; API Gateway; AI Model; FinOps; SIEM | E7: Identify abusive identity or workflow and calculate cost impact | F7: Rate limit; stop recursion; downgrade model; suspend API key | G7: SOAR; Model Gateway; API Gateway; FinOps | H7: High | I7: Draft
A8: AI Telemetry Loss | B8: Expected source stops reporting, parsing fails, or trace correlation breaks | C8: Detect missing heartbeat, stale events, parser errors, and orphaned traces | D8: SIEM; collectors; Model Gateway; API Gateway; EDR/XDR | E8: Check pipeline health, configuration changes, blind window, and affected use cases | F8: Open visibility incident; switch to backup logging; fail closed for high-risk actions | G8: SOAR; SIEM; Model Gateway; API Gateway | H8: High | I8: Draft
A9: Compromised AI Workload | B9: Malware, C2, suspicious process, or lateral movement on AI host | C9: Correlate process tree, network flow, cloud identity, model inventory, and deployment history | D9: EDR/XDR; NDR; Kubernetes; Cloud Logs; SIEM | E9: Review host, pod, network, identity, and recent deployment trace | F9: Isolate host or pod; revoke identity; stop endpoint; preserve forensic evidence | G9: SOAR; EDR/XDR; NDR; Kubernetes; IAM | H9: Critical | I9: Draft

Sheet Telemetry Sources
A1: Source | B1: SOC Visibility | C1: Minimum Events / Fields
A2: SIEM | B2: Central correlation, risk scoring, alerting, incidents, search, and retention | C2: Normalized AI events, entities, rules, alerts, risk scores, incident links
A3: SOAR | B3: Case management and automated response | C3: Playbook trigger, action status, approval, failure reason, outcome, case ID
A4: Model Gateway | B4: Prompt, policy, routing, token, safety, and cost visibility | C4: Prompt metadata, model, policy decision, token use, latency, risk score, trace ID
A5: AI Model / Runtime | B5: Model execution and output behavior | C5: Model ID/version, prompt/output hashes, safety label, refusal, tokens, latency
A6: API Gateway | B6: Identity, access, abuse, request, and rate-limit visibility | C6: Client, API key, route, method, IP, status, latency, rate-limit result, trace ID
A7: RAG / Vector Database | B7: Retrieval, source trust, poisoning, and provenance | C7: Query, chunks, source ID, trust score, similarity, embedding model, trace ID
A8: Agent Runtime / Tool Logs | B8: Autonomous action and tool-use visibility | C8: Agent ID, task, tool, arguments, authorization, result, resource, parent trace
A9: IAM / PAM | B9: Identity, privilege, token, session, and approval context | C9: User/service account, role, scope, auth result, session risk, privilege event
A10: EDR / XDR | B10: AI host, container, process, file, and network behavior | C10: Process tree, command line, file access, connection, workload identity, alert
A11: DLP / Data Security | B11: Sensitive output and data movement monitoring | C11: Classification, matched policy, content type, destination, user, action
A12: Proxy / NDR | B12: Outbound communication, network anomaly, and exfiltration | C12: Destination, DNS, TLS, bytes, category, identity, anomaly score
... A18: Package Registry / SBOM | B18: Dependency provenance, reputation, version, hash and vulnerability context | C18: Package, version, publisher, registry, hash, signature, SBOM component, CVE

Sheet Incident Repository Mapping
A1: Repository | B1: Repository Type | C1: Primary Content | D1: Useful Fields | E1: SOC Operationalization | F1: Source URL
A2: MITRE ATLAS Case Studies | B2: Cyber-operational | C2: Adversarial attacks against AI systems, models, data, agents, and infrastructure | D2: Tactic, technique, case study, mitigation, target component | E2: Directly map techniques to telemetry, SIEM analytics, hunting, and response | F2: https://atlas.mitre.org/
A3: MITRE ATLAS Data Repository | B3: Machine-readable cyber intelligence | C3: Structured ATLAS tactics, techniques, mitigations, and case-study data | D3: Technique IDs, tactic, description, mitigations, relationships | E3: Ingest into detection engineering and threat-intelligence workflows | F3: https://github.com/mitre-atlas/atlas-data
A4: MITRE AI Incident Sharing Initiative | B4: Cyber incident sharing | C4: Attacks and accidents involving AI-enabled systems | D4: Incident context, affected AI system, attack or failure pattern, response lessons | E4: Use shared incidents to update detections, hunts, and SOAR playbooks | F4: https://www.mitre.org/news-insights/news-release/mitre-launches-ai-incident-sharing-initiative
A5: MIT AI Incident Tracker | B5: Broad AI incidents and risks | C5: Reported AI incidents, harms, causes, severity, affected parties, and national-security impact | D5: Incident domain, cause, harm, severity, developer, affected population | E5: Extract cyber-relevant incidents and convert recurring patterns into monitoring scenarios | F5: https://airisk.mit.edu/
A6: AI Incident Database | B6: Broad incident evidence | C6: Real-world harms and near harms involving deployed AI systems | D6: Incident report, system, harm, source, taxonomy classification | E6: Use for scenario discovery, lessons learned, and incident trend analysis | F6: https://incidentdatabase.ai/
A7: OECD AI Incidents and Hazards Monitor | B7: Strategic and regulatory | C7: AI incidents and hazards with policy and societal relevance | D7: Incident description, hazard, sector, country, source | E7: Use for emerging-risk monitoring and external trend analysis | F7: https://www.oecd.org/en/topics/sub-issues/ai-risks-and-incidents.html
A8: CISA Known Exploited Vulnerabilities | B8: Vulnerability intelligence | C8: Actively exploited vulnerabilities affecting AI infrastructure and dependencies | D8: CVE, product, vendor, due date, exploitation status | E8: Correlate AI asset inventory and SBOM with exploited vulnerabilities | F8: https://www.cisa.gov/known-exploited-vulnerabilities-catalog

Sheet Incident Detection Use Cases
A1: Use Case ID | B1: Threat / Incident | C1: Incident Description | D1: Repository Sources | E1: Required Events | F1: Telemetry Sources | G1: Detection Logic | H1: Investigation | I1: SOAR Response | J1: Severity | K1: Status
A2: AI-INC-01 | B2: Prompt Injection | C2: Adversarial input causes the model to ignore instructions, reveal protected context, or invoke tools | D2: MITRE ATLAS; MIT AI Incident Tracker | E2: Prompt, user, session, policy decision, output, tool calls, trace ID | F2: Model Gateway; AI Model; API Gateway; SIEM | G2: Correlate high injection score, policy conflict, repeated probing, unsafe output, and tool invocation | H2: Review complete request trace and similar sessions; identify exposed context and downstream effects | I2: Block session; disable tools; revoke key; preserve trace | J2: High | K2: Draft
A3: AI-INC-02 | B3: Indirect Prompt Injection / RAG Poisoning | C3: Malicious or compromised content influences model behavior through retrieval | D3: MITRE ATLAS; AI Incident Database | E3: Retrieved chunks, source identity, trust score, ingestion history, output, tool calls | F3: RAG Logs; Vector DB; Model Gateway; AI Model; SIEM | G3: Detect low-trust or newly ingested content followed by policy violation or abnormal tool action | H3: Inspect provenance, retrieved text, affected outputs, source history, and impacted traces | I3: Quarantine source; remove from index; invalidate cache; force trusted sources | J3: High | K3: Draft
A4: AI-INC-03 | B4: Sensitive Data Disclosure | C4: AI output exposes personal, regulated, proprietary, or secret information | D4: MIT AI Incident Tracker; AI Incident Database; OECD | E4: Prompt, output, DLP label, source document, user authorization, destination | F4: DLP; AI Model; RAG; CASB; SIEM | G4: Correlate sensitive output classification with unauthorized user, source, or destination | H4: Validate data type, owner, source, recipients, and whether secrets were reused | I4: Block output; revoke sharing; rotate secret; notify owner | J4: Critical | K4: Draft
A5: AI-INC-04 | B5: Model Extraction / Intellectual Property Theft | C5: Repeated queries attempt to reconstruct model behavior, system prompt, or proprietary data | D5: MITRE ATLAS | E5: Request rate, semantic similarity, token volume, identity, IP, model, responses | F5: API Gateway; WAF; Model Gateway; AI Model; SIEM | G5: Detect clustered boundary probes, high similarity, distributed identities, and abnormal volume | H5: Profile actor, request pattern, targeted model behavior, and data volume | I5: Throttle or block; require stronger authentication; reduce response detail | J5: High | K5: Draft
A6: AI-INC-05 | B6: Unauthorized Agent or Tool Action | C6: Agent performs a privileged or out-of-scope action without valid authorization or approval | D6: MITRE ATLAS; MITRE AI Incident Sharing | E6: Agent task, identity, role, token scope, tool, arguments, resource, result | F6: Agent Runtime; IAM/PAM; Model Gateway; EDR/XDR; SIEM | G6: Correlate scope mismatch, missing approval, privileged tool call, and unexpected resource access | H6: Review task goal, action chain, authorization decision, and downstream effect | I6: Terminate action; revoke token; isolate agent; disable connector | J6: Critical | K6: Draft
A7: AI-INC-06 | B7: AI Workload Compromise | C7: Model server, agent host, container, plugin, or supporting service is compromised | D7: MITRE ATLAS; CISA KEV | E7: Process tree, image, hash, network flow, workload identity, deployment history, model version | F7: EDR/XDR; NDR; Kubernetes; Cloud Logs; SIEM | G7: Correlate malware, C2, suspicious shell, unsigned component, or vulnerable version with AI workload | H7: Inspect host, pod, identity, network, model inventory, and recent changes | I7: Isolate workload; revoke identity; stop endpoint; collect forensic evidence | J7: Critical | K7: Draft
A8: AI-INC-07 | B8: Model or Component Supply-Chain Compromise | C8: Unapproved or tampered model, adapter, plugin, library, or container is loaded | D8: MITRE ATLAS; CISA KEV | E8: Artifact hash, signature, registry status, SBOM, deployment identity, change ticket | F8: Model Registry; Cloud Control Plane; Container Security; EDR/XDR; SIEM | G8: Detect unsigned artifact, hash mismatch, unapproved version, or vulnerable dependency | H8: Validate provenance, signer, affected workloads, and exploitation indicators | I8: Stop workload; quarantine artifact; roll back; revoke deployment credential | J8: Critical | K8: Draft
A9: AI-INC-08 | B9: Denial of Wallet / Resource Exhaustion | C9: Attack or malfunction causes excessive inference, token, recursion, latency, or tool cost | D9: MITRE ATLAS; MIT AI Incident Tracker | E9: Token use, model, latency, retries, recursion depth, tool calls, identity, cost | F9: Model Gateway; API Gateway; AI Model; FinOps; SIEM | G9: Detect cost spike, long-context abuse, repeated retries, recursive agent loop, or abnormal tool use | H9: Identify actor or workflow; calculate cost and service impact; verify intent | I9: Rate limit; stop recursion; suspend key; cap budget; downgrade model | J9: High | K9: Draft
A10: AI-INC-09 | B10: Misinformation or High-Risk Hallucination | C10: AI generates materially false information in a security-critical or high-impact workflow | D10: MIT AI Incident Tracker; AI Incident Database; OECD | E10: Prompt, output, grounding sources, confidence, model version, user decision, downstream action | F10: AI Model; RAG; Application Logs; Model Gateway; SIEM | G10: Detect ungrounded high-impact output, source contradiction, abnormal confidence, or repeated corrected claims | H10: Compare output with approved ground truth; determine whether action was taken | I10: Block or flag output; require human validation; restrict workflow; preserve evidence | J10: High | K10: Draft
A11: AI-INC-10 | B11: Safety or Policy Bypass | C11: Model produces prohibited content or behavior despite an allow decision | D11: MITRE ATLAS; MIT AI Incident Tracker | E11: Output policy label, classifier result, guardrail decision, prompt, model version, trace | F11: AI Model; Model Gateway; Output Classifier; SIEM | G11: Correlate unsafe output with allow decision, control inconsistency, or repeated bypass pattern | H11: Reproduce safely; identify failed control layer; search for similar traces | I11: Block pattern; update guardrail; isolate model version; raise inspection | J11: High | K11: Draft
A12: AI-INC-11 | B12: Identity Abuse and Account Compromise | C12: Compromised user or service identity accesses AI systems or invokes privileged workflows | D12: MITRE ATLAS; MITRE AI Incident Sharing | E12: Identity, device, IP, geography, role, token, model usage, tool actions | F12: IAM/PAM; UEBA; API Gateway; Model Gateway; SIEM | G12: Detect impossible travel, token reuse, abnormal privilege, new device, or unusual AI access | H12: Validate identity context; inspect AI sessions, prompts, tools, and downstream actions | I12: Challenge or terminate session; revoke token; reduce privileges; isolate identity | J12: High | K12: Draft
A13: AI-INC-12 | B13: Logging or Trace Evasion | C13: Attacker or failure disables logging, breaks trace correlation, or creates blind spots | D13: MITRE ATLAS; MITRE AI Incident Sharing | E13: Source heartbeat, parser status, trace IDs, event volume, configuration changes | F13: SIEM; Collectors; Model Gateway; API Gateway; EDR/XDR; SOAR | G13: Detect missing heartbeat, sudden event drop, parser failure, orphaned trace, or logging change | H13: Identify affected period, systems, use cases, and whether activity occurred during the gap | I13: Open visibility incident; switch to backup; fail closed for high-risk actions | J13: High | K13: Draft

Sheet Harness Observability
A1: Harness Component | B1: Scope | C1: Required Telemetry | D1: SOC Threats / Failure Modes | E1: Primary Sources
A2: Instructions & Rule Files | B2: AGENTS.md, CLAUDE.md, GEMINI.md, system prompts, skill files, sub-agent prompts | C2: Change event, author, repository, branch, hash, signature, approval, effective version | D2: Unauthorized rule changes, prompt drift, policy weakening, hidden instructions | E2: Git; CI/CD; Model Gateway; SIEM
A3: Tools & MCP Servers | B3: Registered tools, APIs, scripts, MCP servers and tool descriptions | C3: Tool ID, server, version, permissions, arguments, target, result, parent trace | D3: Unapproved tool registration, malicious MCP server, excessive permissions, tool misuse | E3: Agent Runtime; MCP Gateway; API Gateway; SIEM
A4: Sandbox & Execution | B4: Terminal, container, ephemeral VM, file system and network boundary | C4: Command, process, file path, network destination, privilege, image, resource usage | D4: Sandbox escape, unauthorized file access, privileged command, data exfiltration | E4: EDR/XDR; Kubernetes; Container Security; Proxy; SIEM
A5: Orchestration | B5: Agent loop, model routing, retries, spawning, delegation and handoffs | C5: Agent ID, parent agent, step, routing decision, retry count, delegation depth, termination reason | D5: Runaway loop, unapproved sub-agent, excessive retries, unsafe routing | E5: Agent Runtime; Model Gateway; SIEM
A6: Guardrails & Hooks | B6: Pre-tool, post-edit, pre-commit, deployment and policy hooks | C6: Hook ID, lifecycle point, decision, reason, version, result, bypass indicator | D6: Hook bypass, failed guardrail, commit with secret, policy inconsistency | E6: CI/CD; Model Gateway; Policy Engine; SIEM
A7: Memory | B7: Session state, persistent memory, project rules and retrieved memory | C7: Memory ID, owner, tenant, source, version, read/write action, provenance, expiry | D7: Memory poisoning, cross-user leakage, stale memory, unauthorized modification | E7: Agent Runtime; Memory Store; RAG; SIEM
A8: Evaluations | B8: Output evals, trajectory evals, security evals and regression suites | C8: Eval ID, rubric, dataset, score, failure cluster, model/harness version | D8: Trajectory failure, security regression, hallucinated dependency, quality drift | E8: Eval Platform; CI/CD; Model Gateway; SIEM
A9: Deployment | B9: Agent release, model, harness configuration, environment and rollback | C9: Release ID, model version, prompt version, skill version, environment, approver, rollback status | D9: Unapproved deployment, version mismatch, missing approval, unsafe rollback | E9: CI/CD; Cloud Control Plane; Model Registry; SIEM
A10: Observability | B10: Logs, metrics, traces, token cost, latency and drift | C10: Trace ID, source heartbeat, latency, token use, cost, drift score, completeness | D10: Blind spots, orphan traces, anomalous cost, latency spike, silent drift | E10: SIEM; APM; Model Gateway; FinOps

Sheet Coding Agent Use Cases
A1: Use Case ID | B1: Threat / Incident | C1: Event | D1: Detection Logic | E1: Telemetry Sources | F1: SOAR Response | G1: Severity | H1: Status
A2: CA-01 | B2: Agent Commits a Secret | C2: Coding agent attempts to commit a hard-coded password, token, key, or certificate | D2: Pre-commit hook deny plus secret-classification event linked to agent trace | E2: Git; CI/CD; Secret Scanner; Agent Runtime; SIEM | F2: Block commit; revoke and rotate secret; suspend agent session; search repository history | G2: Critical | H2: Draft
A3: CA-02 | B3: Hallucinated or Malicious Dependency | C3: Agent imports or installs a non-existent, typosquatted, or malicious package | D3: New dependency not found in approved registry, low reputation, unexpected publisher, or hash mismatch | E3: Package Registry; SBOM; CI/CD; Sandbox; EDR/XDR; SIEM | F3: Block build; quarantine package; remove dependency; inspect environment and credentials | G3: Critical | H3: Draft
A4: CA-03 | B4: Security Control Modification | C4: Agent changes authentication, authorization, logging, encryption, WAF, IAM, or security policy | D4: Agent-authored change touches protected control files without approved change context | E4: Git; CI/CD; IaC Scanner; IAM; Cloud Logs; SIEM | F4: Block merge or deployment; require security review; revert change; open incident | G4: Critical | H4: Draft
A5: CA-04 | B5: Test or Logging Disablement | C5: Agent deletes tests, weakens assertions, disables logging, or suppresses failures | D5: Reduction in test count or coverage, logging configuration change, or ignored security failure | E5: Git; CI/CD; Test Platform; SIEM | F5: Block pipeline; restore controls; compare baseline; require human approval | G5: High | H5: Draft
A6: CA-05 | B6: CI/CD Gate Bypass | C6: Agent attempts direct deployment, force push, bypass label, or unauthorized pipeline action | D6: Deployment or merge occurs without required gate, review, signature, or approval | E6: Git; CI/CD; IAM; SOAR; SIEM | F6: Stop deployment; revoke token; roll back; preserve audit evidence | G6: Critical | H6: Draft
A7: CA-06 | B7: Cross-Repository Access | C7: Agent reads or modifies repositories outside the assigned task scope | D7: Repository access does not match task, project, tenant, or approved dependency graph | E7: Git Platform; IAM; Agent Runtime; SIEM | F7: Terminate access; revoke token; isolate session; review accessed data | G7: High | H7: Draft
A8: CA-07 | B8: Infrastructure-as-Code Tampering | C8: Agent changes cloud, network, IAM, container, or deployment configuration unsafely | D8: High-risk IaC diff, privilege expansion, public exposure, disabled encryption, or logging removal | E8: Git; IaC Scanner; Cloud Control Plane; CI/CD; SIEM | F8: Block change; revert; require architecture/security approval | G8: Critical | H8: Draft
A9: CA-08 | B9: Runaway Sub-Agent Creation | C9: Orchestrator spawns excessive or unauthorized child agents | D9: Delegation depth, child count, token use, or runtime exceeds approved threshold | E9: Agent Runtime; Model Gateway; FinOps; SIEM | F9: Stop child agents; cap delegation depth; suspend parent agent; investigate trigger | G9: High | H9: Draft
A10: CA-09 | B10: Repeated Failing Command Loop | C10: Agent repeatedly executes failing, destructive, or expensive commands | D10: Same command or failure cluster exceeds retry threshold without meaningful plan change | E10: Sandbox; Agent Runtime; EDR/XDR; SIEM | F10: Terminate loop; preserve trajectory; require human intervention; update guardrail | G10: High | H10: Draft
A11: CA-10 | B11: Unapproved Production Deployment | C11: Agent deploys code, configuration, or an agent without human approval | D11: Production deployment trace lacks required reviewer, approval, or release ticket | E11: CI/CD; Cloud Control Plane; SOAR; SIEM | F11: Stop or roll back deployment; revoke deployment credential; open incident | G11: Critical | H11: Draft
A12: CA-11 | B12: Rule File Self-Modification | C12: Agent modifies AGENTS.md, system prompt, skill file, or guardrail controlling its own behavior | D12: Agent is both actor and beneficiary of rule change; no independent approval | E12: Git; Agent Runtime; Model Gateway; SIEM | F12: Block change; restore signed version; isolate agent; review prior actions | G12: Critical | H12: Draft
... A15: CA-14 | B15: Cross-User Memory Leakage | C15: Agent retrieves memory belonging to another user, project, or tenant | D15: Memory owner or tenant differs from active identity and task context | E15: Memory Store; IAM; Agent Runtime; SIEM | F15: Block response; isolate session; review affected records; notify data owner | G15: Critical | H15: Draft
